farmer_id,subcounty,seed_type,quantity_kg,distribution_date
F0001,Laliya,Beans,,21/01/2025
F0002,Pabo,Sorghum,5,12/01/2025
F0003,Awach,Sorghum,15,28/01/2025
F0004,Ongako,Maize,10,24/01/2025
F0005,Pabo,Maize,15,19/01/2025
F0006,Pabo,Beans,10,28/01/2025
F0007,Awach,Sorghum,,24/01/2025
F0008,Awach,Sorghum,5,17/01/2025
F0009,Laliya,Maize,15,22/01/2025
F0010,Awach,Sorghum,,22/01/2025
F0011,Awach,Sorghum,5,26/01/2025
F0012,Ongako,Beans,,27/01/2025
F0013,Pabo,Groundnuts,15,18/01/2025
F0014,Ongako,Beans,5,18/01/2025
F0015,Ongako,Sorghum,15,01/01/2025
F0016,Pabo,Beans,5,21/01/2025
F0017,Laliya,Maize,15,05/01/2025
F0018,Ongako,Maize,5,24/01/2025
F0019,Awach,Beans,10,17/01/2025
F0020,Pabo,Maize,15,24/01/2025
F0021,Awach,Beans,15,04/01/2025
F0022,Pabo,Maize,15,27/01/2025
F0023,Pabo,Groundnuts,15,11/01/2025
F0024,Ongako,Maize,5,31/01/2025
F0025,Awach,Groundnuts,5,10/01/2025
F0026,Laliya,Groundnuts,,24/01/2025
F0027,Awach,Maize,5,08/01/2025
F0028,Pabo,Maize,,17/01/2025
F0029,Pabo,Groundnuts,10,08/01/2025
F0030,Laliya,Beans,10,28/01/2025
F0031,Pabo,Groundnuts,5,15/01/2025
F0032,Pabo,Maize,,23/01/2025
F0033,Ongako,Beans,5,16/01/2025
F0034,Ongako,Sorghum,5,27/01/2025
F0035,Awach,Beans,5,21/01/2025
F0036,Laliya,Sorghum,15,23/01/2025
F0037,Laliya,Sorghum,10,01/01/2025
F0038,Ongako,Sorghum,5,03/01/2025
F0039,Laliya,Sorghum,,24/01/2025
F0040,Awach,Groundnuts,,13/01/2025
F0041,Ongako,Beans,15,22/01/2025
F0042,Laliya,Maize,5,25/01/2025
F0043,Ongako,Maize,10,28/01/2025
F0044,Ongako,Groundnuts,10,18/01/2025
F0045,Ongako,Sorghum,5,29/01/2025
F0046,Awach,Groundnuts,,07/01/2025
F0047,Awach,Sorghum,10,15/01/2025
F0048,Awach,Maize,,20/01/2025
F0049,Laliya,Beans,15,24/01/2025
F0050,Ongako,Groundnuts,15,09/01/2025
F0051,Laliya,Maize,15,17/01/2025
F0052,Awach,Beans,15,30/01/2025
F0053,Pabo,Beans,15,22/01/2025
F0054,Laliya,Groundnuts,15,17/01/2025
F0055,Ongako,Groundnuts,15,21/01/2025
F0056,Ongako,Sorghum,,29/01/2025
F0057,Awach,Maize,,16/01/2025
F0058,Awach,Beans,10,30/01/2025
F0059,Ongako,Groundnuts,10,08/01/2025
F0060,Ongako,Beans,5,19/01/2025
F0061,Ongako,Beans,,15/01/2025
F0062,Ongako,Sorghum,5,19/01/2025
F0063,Pabo,Beans,5,24/01/2025
F0064,Ongako,Sorghum,10,18/01/2025
F0065,Ongako,Beans,,03/01/2025
F0066,Awach,Beans,,24/01/2025
F0067,Pabo,Groundnuts,10,27/01/2025
F0068,Laliya,Beans,5,11/01/2025
F0069,Pabo,Sorghum,10,05/01/2025
F0070,Ongako,Beans,10,06/01/2025
F0071,Ongako,Maize,15,16/01/2025
F0072,Awach,Maize,15,23/01/2025
F0073,Pabo,Maize,5,25/01/2025
F0074,Awach,Groundnuts,,17/01/2025
F0075,Laliya,Sorghum,15,03/01/2025
F0076,Ongako,Beans,15,18/01/2025
F0077,Ongako,Groundnuts,5,07/01/2025
F0078,Pabo,Maize,,22/01/2025
F0079,Awach,Maize,10,12/01/2025
F0080,Awach,Maize,15,25/01/2025
F0081,Laliya,Beans,10,29/01/2025
F0082,Ongako,Groundnuts,5,10/01/2025
F0083,Awach,Sorghum,15,06/01/2025
F0084,Awach,Sorghum,5,14/01/2025
F0085,Awach,Groundnuts,10,26/01/2025
F0086,Pabo,Sorghum,,04/01/2025
F0087,Ongako,Beans,15,06/01/2025
F0088,Awach,Groundnuts,,31/01/2025
F0089,Awach,Beans,5,05/01/2025
F0090,Awach,Groundnuts,10,26/01/2025
F0091,Awach,Groundnuts,15,04/01/2025
F0092,Pabo,Beans,,02/01/2025
F0093,Ongako,Maize,,12/01/2025
F0094,Laliya,Groundnuts,10,14/01/2025
F0095,Ongako,Beans,15,16/01/2025
F0096,Laliya,Sorghum,15,01/01/2025
F0097,Laliya,Beans,,04/01/2025
F0098,Awach,Beans,15,21/01/2025
F0099,Pabo,Maize,5,10/01/2025
F0100,Ongako,Sorghum,10,16/01/2025
F0101,Ongako,Maize,5,30/01/2025
F0102,Ongako,Beans,15,03/01/2025
F0103,Laliya,Sorghum,,15/01/2025
F0104,Awach,Groundnuts,5,20/01/2025
F0105,Awach,Maize,10,04/01/2025
F0106,Laliya,Sorghum,5,04/01/2025
F0107,Ongako,Beans,10,24/01/2025
F0108,Pabo,Maize,5,28/01/2025
F0109,Pabo,Sorghum,5,09/01/2025
F0110,Awach,Sorghum,5,07/01/2025
F0111,Awach,Maize,,15/01/2025
F0112,Awach,Beans,,17/01/2025
F0113,Ongako,Sorghum,5,12/01/2025
F0114,Laliya,Beans,5,15/01/2025
F0115,Ongako,Groundnuts,10,04/01/2025
F0116,Pabo,Maize,10,01/01/2025
F0117,Ongako,Groundnuts,,18/01/2025
F0118,Pabo,Maize,,11/01/2025
F0119,Ongako,Sorghum,,25/01/2025
F0120,Ongako,Sorghum,,29/01/2025
F0121,Ongako,Maize,15,13/01/2025
F0122,Pabo,Groundnuts,5,12/01/2025
F0123,Awach,Maize,,14/01/2025
F0124,Awach,Groundnuts,,30/01/2025
F0125,Laliya,Sorghum,5,23/01/2025
F0126,Awach,Maize,,31/01/2025
F0127,Laliya,Sorghum,5,03/01/2025
F0128,Ongako,Maize,5,13/01/2025
F0129,Awach,Maize,5,07/01/2025
F0130,Ongako,Sorghum,,05/01/2025
F0131,Ongako,Beans,10,09/01/2025
F0132,Laliya,Maize,15,14/01/2025
F0133,Awach,Beans,5,04/01/2025
F0134,Ongako,Sorghum,15,11/01/2025
F0135,Laliya,Sorghum,10,29/01/2025
F0136,Ongako,Maize,10,24/01/2025
F0137,Pabo,Groundnuts,5,08/01/2025
F0138,Pabo,Maize,15,30/01/2025
F0139,Awach,Sorghum,5,06/01/2025
F0140,Pabo,Beans,10,04/01/2025
F0141,Laliya,Sorghum,5,03/01/2025
F0142,Pabo,Maize,15,09/01/2025
F0143,Awach,Beans,10,05/01/2025
F0144,Awach,Maize,5,31/01/2025
F0145,Laliya,Maize,5,14/01/2025
F0146,Awach,Groundnuts,15,21/01/2025
F0147,Pabo,Maize,5,11/01/2025
F0148,Awach,Sorghum,15,01/01/2025
F0149,Ongako,Beans,10,12/01/2025
F0150,Ongako,Sorghum,15,01/01/2025
F0151,Pabo,Sorghum,10,04/01/2025
F0152,Pabo,Maize,15,01/01/2025
F0153,Ongako,Beans,5,21/01/2025
F0154,Awach,Maize,5,13/01/2025
F0155,Pabo,Sorghum,,09/01/2025
F0156,Pabo,Maize,15,01/01/2025
F0157,Awach,Beans,,24/01/2025
F0158,Laliya,Maize,15,06/01/2025
F0159,Awach,Sorghum,5,04/01/2025
F0160,Ongako,Groundnuts,15,30/01/2025
F0161,Pabo,Groundnuts,10,10/01/2025
F0162,Laliya,Sorghum,15,01/01/2025
F0163,Awach,Sorghum,15,30/01/2025
F0164,Ongako,Maize,10,31/01/2025
F0165,Pabo,Beans,,18/01/2025
F0166,Awach,Groundnuts,15,21/01/2025
F0167,Laliya,Maize,,05/01/2025
F0168,Pabo,Maize,,28/01/2025
F0169,Laliya,Maize,10,25/01/2025
F0170,Ongako,Groundnuts,15,26/01/2025
F0171,Laliya,Beans,,17/01/2025
F0172,Ongako,Groundnuts,15,12/01/2025
F0173,Awach,Maize,,10/01/2025
F0174,Laliya,Sorghum,10,20/01/2025
F0175,Ongako,Sorghum,,02/01/2025
F0176,Ongako,Beans,5,16/01/2025
F0177,Pabo,Sorghum,5,30/01/2025
F0178,Pabo,Maize,15,28/01/2025
F0179,Laliya,Groundnuts,15,31/01/2025
F0180,Ongako,Maize,,01/01/2025
F0181,Ongako,Maize,10,04/01/2025
F0182,Pabo,Beans,10,03/01/2025
F0183,Pabo,Groundnuts,15,23/01/2025
F0184,Ongako,Sorghum,10,03/01/2025
F0185,Laliya,Sorghum,15,20/01/2025
F0186,Ongako,Beans,5,09/01/2025
F0187,Ongako,Sorghum,10,29/01/2025
F0188,Laliya,Sorghum,5,13/01/2025
F0189,Laliya,Maize,,29/01/2025
F0190,Ongako,Beans,5,07/01/2025
F0191,Pabo,Maize,,04/01/2025
F0192,Ongako,Sorghum,,27/01/2025
F0193,Awach,Sorghum,10,08/01/2025
F0194,Laliya,Groundnuts,,12/01/2025
F0195,Pabo,Maize,5,02/01/2025
F0196,Ongako,Sorghum,10,11/01/2025
F0197,Awach,Maize,15,30/01/2025
F0198,Ongako,Beans,10,06/01/2025
F0199,Awach,Sorghum,,14/01/2025
F0200,Awach,Sorghum,15,13/01/2025
F0201,Ongako,Maize,,10/01/2025
F0202,Ongako,Maize,15,06/01/2025
F0203,Laliya,Beans,5,29/01/2025
F0204,Awach,Maize,10,04/01/2025
F0205,Laliya,Sorghum,5,15/01/2025
F0206,Laliya,Sorghum,15,06/01/2025
F0207,Ongako,Groundnuts,15,27/01/2025
F0208,Ongako,Sorghum,5,17/01/2025
F0209,Laliya,Groundnuts,15,09/01/2025
F0210,Laliya,Maize,15,29/01/2025
F0211,Ongako,Beans,15,21/01/2025
F0212,Awach,Sorghum,,07/01/2025
F0213,Awach,Maize,10,15/01/2025
F0214,Pabo,Sorghum,15,12/01/2025
F0215,Awach,Maize,5,23/01/2025
F0216,Awach,Groundnuts,10,04/01/2025
F0217,Laliya,Groundnuts,10,31/01/2025
F0218,Ongako,Sorghum,10,11/01/2025
F0219,Awach,Sorghum,15,12/01/2025
F0220,Awach,Maize,5,04/01/2025
F0221,Awach,Groundnuts,5,23/01/2025
F0222,Laliya,Groundnuts,,03/01/2025
F0223,Laliya,Maize,,17/01/2025
F0224,Awach,Maize,,18/01/2025
F0225,Awach,Beans,,07/01/2025
F0226,Awach,Maize,,07/01/2025
F0227,Laliya,Sorghum,5,15/01/2025
F0228,Laliya,Groundnuts,10,17/01/2025
F0229,Pabo,Groundnuts,15,02/01/2025
F0230,Awach,Sorghum,15,07/01/2025
F0231,Laliya,Sorghum,15,17/01/2025
F0232,Laliya,Groundnuts,15,29/01/2025
F0233,Laliya,Maize,5,06/01/2025
F0234,Laliya,Sorghum,5,05/01/2025
F0235,Ongako,Maize,15,30/01/2025
F0236,Awach,Beans,,22/01/2025
F0237,Laliya,Beans,5,17/01/2025
F0238,Ongako,Maize,,16/01/2025
F0239,Pabo,Beans,10,14/01/2025
F0240,Awach,Sorghum,,08/01/2025
F0241,Awach,Groundnuts,10,01/01/2025
F0242,Ongako,Beans,10,17/01/2025
F0243,Awach,Beans,10,16/01/2025
F0244,Pabo,Beans,,22/01/2025
F0245,Awach,Beans,10,05/01/2025
F0246,Ongako,Sorghum,15,18/01/2025
F0247,Laliya,Groundnuts,15,02/01/2025
F0248,Laliya,Beans,,13/01/2025
F0249,Ongako,Maize,5,06/01/2025
F0250,Awach,Sorghum,5,18/01/2025
F0251,Laliya,Maize,10,27/01/2025
F0252,Ongako,Beans,5,19/01/2025
F0253,Pabo,Beans,10,10/01/2025
F0254,Awach,Groundnuts,15,09/01/2025
F0255,Ongako,Groundnuts,15,08/01/2025
F0256,Laliya,Sorghum,15,14/01/2025
F0257,Ongako,Maize,15,14/01/2025
F0258,Ongako,Groundnuts,5,05/01/2025
F0259,Awach,Maize,,23/01/2025
F0260,Awach,Groundnuts,15,23/01/2025
F0261,Ongako,Groundnuts,15,10/01/2025
F0262,Ongako,Sorghum,15,07/01/2025
F0263,Ongako,Beans,10,22/01/2025
F0264,Awach,Sorghum,15,10/01/2025
F0265,Laliya,Beans,15,06/01/2025
F0266,Pabo,Maize,5,29/01/2025
F0267,Laliya,Beans,5,20/01/2025
F0268,Ongako,Groundnuts,15,19/01/2025
F0269,Ongako,Sorghum,5,04/01/2025
F0270,Ongako,Groundnuts,15,07/01/2025
F0271,Laliya,Maize,,25/01/2025
F0272,Awach,Maize,10,15/01/2025
F0273,Ongako,Sorghum,10,18/01/2025
F0274,Laliya,Groundnuts,5,01/01/2025
F0275,Laliya,Maize,15,24/01/2025
F0276,Pabo,Beans,15,25/01/2025
F0277,Laliya,Groundnuts,10,15/01/2025
F0278,Awach,Groundnuts,10,30/01/2025
F0279,Awach,Maize,5,20/01/2025
F0280,Ongako,Sorghum,10,12/01/2025
F0281,Awach,Groundnuts,5,16/01/2025
F0282,Pabo,Maize,10,17/01/2025
F0283,Laliya,Maize,15,26/01/2025
F0284,Awach,Maize,,15/01/2025
F0285,Awach,Beans,15,02/01/2025
F0286,Ongako,Beans,5,23/01/2025
F0287,Ongako,Sorghum,10,25/01/2025
F0288,Ongako,Sorghum,15,08/01/2025
F0289,Awach,Maize,10,02/01/2025
F0290,Ongako,Maize,15,28/01/2025
F0291,Ongako,Groundnuts,15,30/01/2025
F0292,Pabo,Beans,5,28/01/2025
F0293,Pabo,Sorghum,10,25/01/2025
F0294,Awach,Maize,10,01/01/2025
F0295,Ongako,Maize,15,22/01/2025
F0296,Ongako,Sorghum,5,07/01/2025
F0297,Pabo,Groundnuts,5,02/01/2025
F0298,Laliya,Maize,,23/01/2025
F0299,Ongako,Beans,15,27/01/2025
F0300,Ongako,Beans,10,09/01/2025
F0301,Pabo,Maize,15,07/01/2025
F0302,Awach,Sorghum,,18/01/2025
F0303,Awach,Beans,15,03/01/2025
F0304,Pabo,Maize,10,19/01/2025
F0305,Laliya,Sorghum,15,20/01/2025
F0306,Awach,Beans,,10/01/2025
F0307,Awach,Groundnuts,5,25/01/2025
F0308,Awach,Maize,15,11/01/2025
F0309,Pabo,Maize,,01/01/2025
F0310,Laliya,Beans,,07/01/2025
F0311,Pabo,Maize,10,01/01/2025
F0312,Ongako,Groundnuts,10,15/01/2025
F0313,Ongako,Maize,15,25/01/2025
F0314,Pabo,Sorghum,,29/01/2025
F0315,Pabo,Maize,,20/01/2025
F0316,Laliya,Groundnuts,15,11/01/2025
F0317,Pabo,Maize,10,23/01/2025
F0318,Laliya,Sorghum,,11/01/2025
F0319,Awach,Maize,10,17/01/2025
F0320,Ongako,Sorghum,,05/01/2025
F0321,Ongako,Sorghum,10,12/01/2025
F0322,Ongako,Beans,5,03/01/2025
F0323,Pabo,Beans,,02/01/2025
F0324,Pabo,Maize,10,17/01/2025
F0325,Pabo,Beans,5,08/01/2025
F0326,Awach,Groundnuts,5,01/01/2025
F0327,Laliya,Maize,,14/01/2025
F0328,Ongako,Groundnuts,,29/01/2025
F0329,Ongako,Maize,15,03/01/2025
F0330,Pabo,Beans,5,26/01/2025
F0331,Laliya,Beans,15,30/01/2025
F0332,Ongako,Groundnuts,10,18/01/2025
F0333,Pabo,Groundnuts,15,02/01/2025
F0334,Ongako,Groundnuts,15,10/01/2025
F0335,Awach,Sorghum,10,08/01/2025
F0336,Laliya,Groundnuts,15,27/01/2025
F0337,Laliya,Groundnuts,5,25/01/2025
F0338,Pabo,Maize,10,02/01/2025
F0339,Ongako,Sorghum,,18/01/2025
F0340,Laliya,Maize,5,13/01/2025
F0341,Awach,Sorghum,5,25/01/2025
F0342,Laliya,Beans,,24/01/2025
F0343,Laliya,Maize,15,21/01/2025
F0344,Laliya,Groundnuts,10,10/01/2025
F0345,Laliya,Maize,,02/01/2025
F0346,Ongako,Beans,5,21/01/2025
F0347,Laliya,Groundnuts,5,10/01/2025
F0348,Awach,Maize,,10/01/2025
F0349,Awach,Groundnuts,,15/01/2025
F0350,Awach,Groundnuts,5,06/01/2025
F0351,Awach,Maize,15,10/01/2025
F0352,Ongako,Beans,10,10/01/2025
F0353,Laliya,Maize,5,21/01/2025
F0354,Awach,Beans,15,20/01/2025
F0355,Awach,Maize,15,22/01/2025
F0356,Awach,Maize,,26/01/2025
F0357,Ongako,Sorghum,,07/01/2025
F0358,Pabo,Sorghum,10,13/01/2025
F0359,Ongako,Maize,,09/01/2025
F0360,Awach,Groundnuts,15,24/01/2025
F0361,Pabo,Maize,5,10/01/2025
F0362,Laliya,Groundnuts,,25/01/2025
F0363,Awach,Maize,10,12/01/2025
F0364,Awach,Groundnuts,5,15/01/2025
F0365,Awach,Sorghum,10,28/01/2025
F0366,Pabo,Maize,10,26/01/2025
F0367,Laliya,Sorghum,15,29/01/2025
F0368,Pabo,Sorghum,10,13/01/2025
F0369,Awach,Sorghum,,31/01/2025
F0370,Awach,Sorghum,15,05/01/2025
F0371,Pabo,Sorghum,5,23/01/2025
F0372,Awach,Maize,,01/01/2025
F0373,Pabo,Groundnuts,10,23/01/2025
F0374,Awach,Sorghum,5,05/01/2025
F0375,Awach,Maize,15,28/01/2025
F0376,Laliya,Maize,10,22/01/2025
F0377,Pabo,Sorghum,5,12/01/2025
F0378,Ongako,Groundnuts,15,18/01/2025
F0379,Laliya,Groundnuts,10,08/01/2025
F0380,Pabo,Maize,15,07/01/2025
F0381,Laliya,Sorghum,,21/01/2025
F0382,Awach,Maize,,01/01/2025
F0383,Ongako,Maize,10,01/01/2025
F0384,Laliya,Beans,5,10/01/2025
F0385,Pabo,Maize,10,26/01/2025
F0386,Pabo,Maize,,21/01/2025
F0387,Laliya,Beans,15,20/01/2025
F0388,Ongako,Maize,15,13/01/2025
F0389,Awach,Maize,5,29/01/2025
F0390,Awach,Sorghum,5,25/01/2025
F0391,Laliya,Sorghum,10,05/01/2025
F0392,Laliya,Sorghum,5,29/01/2025
F0393,Awach,Groundnuts,,30/01/2025
F0394,Ongako,Beans,5,15/01/2025
F0395,Pabo,Beans,5,11/01/2025
F0396,Awach,Maize,,31/01/2025
F0397,Awach,Sorghum,15,16/01/2025
F0398,Pabo,Maize,5,24/01/2025
F0399,Awach,Sorghum,10,11/01/2025
F0400,Ongako,Beans,5,13/01/2025
F0401,Awach,Beans,5,25/01/2025
F0402,Ongako,Sorghum,,09/01/2025
F0403,Awach,Beans,5,24/01/2025
F0404,Pabo,Groundnuts,5,03/01/2025
F0405,Pabo,Sorghum,5,26/01/2025
F0406,Pabo,Beans,,03/01/2025
F0407,Ongako,Beans,10,02/01/2025
F0408,Pabo,Sorghum,,13/01/2025
F0409,Laliya,Beans,5,04/01/2025
F0410,Laliya,Beans,,25/01/2025
F0411,Laliya,Sorghum,15,19/01/2025
F0412,Ongako,Beans,5,23/01/2025
F0413,Ongako,Sorghum,10,05/01/2025
F0414,Pabo,Groundnuts,15,19/01/2025
F0415,Ongako,Sorghum,10,06/01/2025
F0416,Laliya,Groundnuts,15,11/01/2025
F0417,Awach,Sorghum,,26/01/2025
F0418,Laliya,Maize,5,17/01/2025
F0419,Ongako,Sorghum,5,05/01/2025
F0420,Awach,Groundnuts,15,21/01/2025
F0421,Ongako,Beans,5,31/01/2025
F0422,Pabo,Maize,15,13/01/2025
F0423,Pabo,Groundnuts,10,11/01/2025
F0424,Awach,Sorghum,15,31/01/2025
F0425,Ongako,Maize,,26/01/2025
F0426,Awach,Maize,15,06/01/2025
F0427,Laliya,Maize,15,20/01/2025
F0428,Pabo,Groundnuts,5,27/01/2025
F0429,Awach,Maize,10,15/01/2025
F0430,Awach,Beans,5,01/01/2025
F0431,Ongako,Sorghum,,26/01/2025
F0432,Laliya,Beans,,17/01/2025
F0433,Ongako,Sorghum,5,26/01/2025
F0434,Awach,Beans,10,14/01/2025
F0435,Ongako,Maize,15,27/01/2025
F0436,Ongako,Maize,15,22/01/2025
F0437,Laliya,Beans,10,26/01/2025
F0438,Awach,Sorghum,5,16/01/2025
F0439,Pabo,Groundnuts,5,13/01/2025
F0440,Awach,Maize,10,25/01/2025
F0441,Laliya,Beans,10,08/01/2025
F0442,Awach,Groundnuts,10,18/01/2025
F0443,Pabo,Maize,5,14/01/2025
F0444,Awach,Groundnuts,5,18/01/2025
F0445,Laliya,Maize,10,30/01/2025
F0446,Ongako,Groundnuts,15,16/01/2025
F0447,Awach,Groundnuts,5,23/01/2025
F0448,Awach,Maize,10,22/01/2025
F0449,Awach,Maize,10,16/01/2025
F0450,Pabo,Sorghum,15,31/01/2025
F0451,Awach,Sorghum,,24/01/2025
F0452,Laliya,Maize,5,30/01/2025
F0453,Laliya,Groundnuts,,21/01/2025
F0454,Awach,Groundnuts,10,15/01/2025
F0455,Laliya,Maize,,23/01/2025
F0456,Pabo,Beans,15,22/01/2025
F0457,Laliya,Sorghum,5,01/01/2025
F0458,Laliya,Maize,15,30/01/2025
F0459,Pabo,Sorghum,,05/01/2025
F0460,Pabo,Groundnuts,15,19/01/2025
F0461,Awach,Maize,10,01/01/2025
F0462,Laliya,Maize,10,10/01/2025
F0463,Pabo,Groundnuts,,11/01/2025
F0464,Ongako,Groundnuts,15,09/01/2025
F0465,Awach,Groundnuts,10,05/01/2025
F0466,Laliya,Maize,5,05/01/2025
F0467,Ongako,Beans,5,20/01/2025
F0468,Laliya,Maize,5,31/01/2025
F0469,Pabo,Beans,15,18/01/2025
F0470,Pabo,Groundnuts,10,12/01/2025
F0471,Awach,Groundnuts,5,31/01/2025
F0472,Ongako,Groundnuts,5,31/01/2025
F0473,Laliya,Beans,,27/01/2025
F0474,Ongako,Maize,10,09/01/2025
F0475,Awach,Maize,5,30/01/2025
F0476,Ongako,Beans,15,18/01/2025
F0477,Laliya,Groundnuts,10,22/01/2025
F0478,Pabo,Sorghum,10,30/01/2025
F0479,Pabo,Groundnuts,,09/01/2025
F0480,Laliya,Sorghum,,24/01/2025
F0481,Awach,Sorghum,10,09/01/2025
F0482,Awach,Sorghum,10,20/01/2025
F0483,Awach,Sorghum,5,10/01/2025
F0484,Awach,Maize,5,31/01/2025
F0485,Laliya,Sorghum,10,20/01/2025
F0486,Awach,Maize,5,07/01/2025
F0487,Pabo,Groundnuts,15,16/01/2025
F0488,Pabo,Groundnuts,,20/01/2025
F0489,Pabo,Groundnuts,15,10/01/2025
F0490,Laliya,Sorghum,10,14/01/2025
F0491,Laliya,Sorghum,15,11/01/2025
F0492,Laliya,Maize,,23/01/2025
F0493,Awach,Sorghum,15,12/01/2025
F0494,Laliya,Sorghum,,15/01/2025
F0495,Awach,Sorghum,10,06/01/2025
F0496,Awach,Groundnuts,15,21/01/2025
F0497,Pabo,Groundnuts,15,14/01/2025
F0498,Awach,Sorghum,15,13/01/2025
F0499,Pabo,Maize,15,21/01/2025
F0500,Laliya,Maize,,17/01/2025
F0501,Pabo,Beans,15,20/01/2025
F0502,Laliya,Maize,5,19/01/2025
F0503,Pabo,Groundnuts,5,05/01/2025
F0504,Ongako,Groundnuts,,06/01/2025
F0505,Laliya,Maize,10,02/01/2025
F0506,Ongako,Sorghum,10,28/01/2025
F0507,Laliya,Groundnuts,,22/01/2025
F0508,Laliya,Beans,5,22/01/2025
F0509,Ongako,Beans,,14/01/2025
F0510,Laliya,Groundnuts,5,31/01/2025
F0511,Awach,Maize,15,12/01/2025
F0512,Pabo,Beans,,04/01/2025
F0513,Laliya,Groundnuts,5,18/01/2025
F0514,Pabo,Maize,,27/01/2025
F0515,Laliya,Maize,5,05/01/2025
F0516,Ongako,Maize,,23/01/2025
F0517,Laliya,Beans,,18/01/2025
F0518,Pabo,Beans,5,26/01/2025
F0519,Laliya,Sorghum,,17/01/2025
F0520,Ongako,Sorghum,10,11/01/2025
F0521,Ongako,Groundnuts,15,26/01/2025
F0522,Laliya,Groundnuts,10,28/01/2025
F0523,Awach,Beans,5,19/01/2025
F0524,Awach,Groundnuts,5,23/01/2025
F0525,Ongako,Maize,10,14/01/2025
F0526,Awach,Maize,10,20/01/2025
F0527,Ongako,Beans,15,20/01/2025
F0528,Ongako,Beans,15,26/01/2025
F0529,Pabo,Maize,15,26/01/2025
F0530,Laliya,Sorghum,,12/01/2025
F0531,Laliya,Maize,10,09/01/2025
F0532,Pabo,Groundnuts,,11/01/2025
F0533,Laliya,Groundnuts,10,30/01/2025
F0534,Laliya,Maize,5,09/01/2025
F0535,Awach,Maize,,09/01/2025
F0536,Ongako,Groundnuts,,29/01/2025
F0537,Laliya,Groundnuts,15,21/01/2025
F0538,Ongako,Maize,10,18/01/2025
F0539,Pabo,Groundnuts,10,25/01/2025
F0540,Pabo,Maize,5,03/01/2025
F0541,Ongako,Sorghum,10,30/01/2025
F0542,Awach,Sorghum,10,16/01/2025
F0543,Pabo,Maize,15,04/01/2025
F0544,Awach,Beans,5,17/01/2025
F0545,Ongako,Beans,,21/01/2025
F0546,Ongako,Sorghum,15,30/01/2025
F0547,Ongako,Groundnuts,,13/01/2025
F0548,Laliya,Groundnuts,15,28/01/2025
F0549,Awach,Sorghum,5,05/01/2025
F0550,Pabo,Maize,15,03/01/2025
F0551,Laliya,Groundnuts,,15/01/2025
F0552,Laliya,Sorghum,5,15/01/2025
F0553,Ongako,Sorghum,5,02/01/2025
F0554,Laliya,Maize,10,29/01/2025
F0555,Pabo,Groundnuts,10,24/01/2025
F0556,Pabo,Sorghum,10,11/01/2025
F0557,Pabo,Sorghum,15,21/01/2025
F0558,Pabo,Maize,15,06/01/2025
F0559,Laliya,Sorghum,,03/01/2025
F0560,Pabo,Sorghum,15,01/01/2025
F0561,Pabo,Beans,5,18/01/2025
F0562,Ongako,Beans,5,08/01/2025
F0563,Ongako,Sorghum,5,01/01/2025
F0564,Awach,Groundnuts,,31/01/2025
F0565,Awach,Maize,5,13/01/2025
F0566,Pabo,Sorghum,,26/01/2025
F0567,Pabo,Sorghum,15,25/01/2025
F0568,Pabo,Beans,5,18/01/2025
F0569,Awach,Sorghum,15,11/01/2025
F0570,Pabo,Groundnuts,10,17/01/2025
F0571,Laliya,Sorghum,,24/01/2025
F0572,Laliya,Sorghum,5,04/01/2025
F0573,Ongako,Beans,,25/01/2025
F0574,Laliya,Groundnuts,,30/01/2025
F0575,Awach,Maize,,29/01/2025
F0576,Awach,Groundnuts,,25/01/2025
F0577,Pabo,Groundnuts,,11/01/2025
F0578,Ongako,Groundnuts,,01/01/2025
F0579,Laliya,Beans,10,11/01/2025
F0580,Ongako,Groundnuts,5,27/01/2025
F0581,Awach,Sorghum,5,10/01/2025
F0582,Laliya,Groundnuts,5,03/01/2025
F0583,Awach,Groundnuts,15,05/01/2025
F0584,Awach,Maize,,15/01/2025
F0585,Laliya,Maize,10,30/01/2025
F0586,Awach,Groundnuts,10,29/01/2025
F0587,Pabo,Beans,15,01/01/2025
F0588,Ongako,Sorghum,15,22/01/2025
F0589,Ongako,Groundnuts,10,19/01/2025
F0590,Laliya,Sorghum,5,17/01/2025
F0591,Awach,Sorghum,5,10/01/2025
F0592,Laliya,Groundnuts,,20/01/2025
F0593,Pabo,Maize,,03/01/2025
F0594,Pabo,Beans,,22/01/2025
F0595,Laliya,Maize,15,06/01/2025
F0596,Pabo,Sorghum,15,27/01/2025
F0597,Pabo,Groundnuts,10,17/01/2025
F0598,Pabo,Sorghum,15,21/01/2025
F0599,Ongako,Maize,5,19/01/2025
F0600,Laliya,Maize,,14/01/2025
F0601,Ongako,Maize,,16/01/2025
F0602,Awach,Maize,15,03/01/2025
F0603,Awach,Groundnuts,15,24/01/2025
F0604,Ongako,Sorghum,15,18/01/2025
F0605,Pabo,Beans,5,29/01/2025
F0606,Awach,Beans,5,06/01/2025
F0607,Laliya,Beans,10,11/01/2025
F0608,Ongako,Maize,,31/01/2025
F0609,Laliya,Beans,,30/01/2025
F0610,Laliya,Groundnuts,5,27/01/2025
F0611,Ongako,Maize,,30/01/2025
F0612,Laliya,Maize,10,09/01/2025
F0613,Ongako,Groundnuts,15,30/01/2025
F0614,Pabo,Beans,,16/01/2025
F0615,Ongako,Sorghum,5,23/01/2025
F0616,Ongako,Groundnuts,15,22/01/2025
F0617,Laliya,Sorghum,10,22/01/2025
F0618,Ongako,Groundnuts,5,07/01/2025
F0619,Pabo,Sorghum,,15/01/2025
F0620,Awach,Sorghum,10,22/01/2025
F0621,Awach,Beans,15,23/01/2025
F0622,Ongako,Maize,15,04/01/2025
F0623,Ongako,Beans,10,10/01/2025
F0624,Awach,Beans,5,06/01/2025
F0625,Laliya,Sorghum,10,13/01/2025
F0626,Laliya,Groundnuts,15,03/01/2025
F0627,Pabo,Groundnuts,,27/01/2025
F0628,Awach,Sorghum,10,13/01/2025
F0629,Ongako,Sorghum,15,29/01/2025
F0630,Laliya,Beans,5,13/01/2025
F0631,Ongako,Maize,10,13/01/2025
F0632,Awach,Sorghum,10,02/01/2025
F0633,Pabo,Maize,15,23/01/2025
F0634,Awach,Maize,,05/01/2025
F0635,Pabo,Maize,15,28/01/2025
F0636,Laliya,Sorghum,,03/01/2025
F0637,Laliya,Groundnuts,,05/01/2025
F0638,Laliya,Beans,,07/01/2025
F0639,Awach,Groundnuts,,17/01/2025
F0640,Ongako,Groundnuts,15,09/01/2025
F0641,Ongako,Maize,10,11/01/2025
F0642,Ongako,Maize,10,17/01/2025
F0643,Pabo,Sorghum,15,05/01/2025
F0644,Ongako,Groundnuts,10,22/01/2025
F0645,Awach,Sorghum,,27/01/2025
F0646,Ongako,Beans,5,24/01/2025
F0647,Ongako,Sorghum,10,27/01/2025
F0648,Pabo,Maize,15,26/01/2025
F0649,Ongako,Beans,,29/01/2025
F0650,Laliya,Maize,5,27/01/2025
F0651,Pabo,Sorghum,10,26/01/2025
F0652,Ongako,Groundnuts,10,30/01/2025
F0653,Ongako,Sorghum,,26/01/2025
F0654,Ongako,Beans,5,28/01/2025
F0655,Awach,Beans,15,29/01/2025
F0656,Awach,Maize,,18/01/2025
F0657,Ongako,Beans,15,12/01/2025
F0658,Ongako,Groundnuts,5,31/01/2025
F0659,Ongako,Sorghum,,21/01/2025
F0660,Pabo,Sorghum,15,27/01/2025
F0661,Pabo,Sorghum,5,20/01/2025
F0662,Awach,Maize,15,28/01/2025
F0663,Awach,Maize,,07/01/2025
F0664,Awach,Groundnuts,,08/01/2025
F0665,Ongako,Groundnuts,5,16/01/2025
F0666,Laliya,Groundnuts,15,04/01/2025
F0667,Ongako,Maize,5,11/01/2025
F0668,Awach,Sorghum,5,11/01/2025
F0669,Pabo,Maize,5,29/01/2025
F0670,Laliya,Beans,,11/01/2025
F0671,Awach,Maize,,10/01/2025
F0672,Awach,Maize,5,31/01/2025
F0673,Awach,Maize,5,17/01/2025
F0674,Laliya,Beans,5,01/01/2025
F0675,Awach,Sorghum,5,27/01/2025
F0676,Laliya,Sorghum,,14/01/2025
F0677,Pabo,Beans,5,13/01/2025
F0678,Laliya,Groundnuts,5,09/01/2025
F0679,Ongako,Beans,15,21/01/2025
F0680,Awach,Groundnuts,,21/01/2025
F0681,Awach,Beans,10,16/01/2025
F0682,Laliya,Beans,15,21/01/2025
F0683,Laliya,Sorghum,10,15/01/2025
F0684,Pabo,Maize,15,16/01/2025
F0685,Pabo,Maize,,22/01/2025
F0686,Pabo,Sorghum,,02/01/2025
F0687,Ongako,Maize,5,18/01/2025
F0688,Pabo,Maize,5,19/01/2025
F0689,Laliya,Sorghum,15,13/01/2025
F0690,Laliya,Groundnuts,10,23/01/2025
F0691,Awach,Groundnuts,15,06/01/2025
F0692,Ongako,Beans,15,09/01/2025
F0693,Ongako,Groundnuts,15,04/01/2025
F0694,Pabo,Beans,15,24/01/2025
F0695,Awach,Maize,10,27/01/2025
F0696,Ongako,Sorghum,,13/01/2025
F0697,Laliya,Sorghum,10,12/01/2025
F0698,Pabo,Groundnuts,5,29/01/2025
F0699,Awach,Sorghum,15,01/01/2025
F0700,Ongako,Maize,10,14/01/2025
F0701,Pabo,Groundnuts,,02/01/2025
F0702,Awach,Maize,10,19/01/2025
F0703,Pabo,Groundnuts,,30/01/2025
F0704,Awach,Beans,10,11/01/2025
F0705,Awach,Sorghum,10,23/01/2025
F0706,Awach,Beans,,02/01/2025
F0707,Awach,Beans,10,07/01/2025
F0708,Laliya,Sorghum,15,24/01/2025
F0709,Laliya,Beans,10,24/01/2025
F0710,Awach,Groundnuts,5,22/01/2025
F0711,Pabo,Maize,5,07/01/2025
F0712,Ongako,Maize,5,07/01/2025
F0713,Ongako,Sorghum,,06/01/2025
F0714,Awach,Sorghum,10,15/01/2025
F0715,Pabo,Maize,10,21/01/2025
F0716,Ongako,Beans,15,28/01/2025
F0717,Awach,Beans,10,30/01/2025
F0718,Ongako,Maize,10,09/01/2025
F0719,Pabo,Sorghum,10,05/01/2025
F0720,Ongako,Maize,15,18/01/2025
F0721,Pabo,Beans,,03/01/2025
F0722,Laliya,Groundnuts,,25/01/2025
F0723,Awach,Maize,5,15/01/2025
F0724,Awach,Beans,10,26/01/2025
F0725,Pabo,Beans,,12/01/2025
F0726,Awach,Groundnuts,15,21/01/2025
F0727,Laliya,Sorghum,15,18/01/2025
F0728,Pabo,Sorghum,15,15/01/2025
F0729,Ongako,Sorghum,10,13/01/2025
F0730,Ongako,Sorghum,,24/01/2025
F0731,Ongako,Sorghum,5,08/01/2025
F0732,Pabo,Maize,,16/01/2025
F0733,Pabo,Maize,10,11/01/2025
F0734,Laliya,Beans,10,21/01/2025
F0735,Awach,Groundnuts,,21/01/2025
F0736,Awach,Maize,15,09/01/2025
F0737,Laliya,Sorghum,10,12/01/2025
F0738,Awach,Sorghum,10,19/01/2025
F0739,Laliya,Maize,5,11/01/2025
F0740,Pabo,Maize,15,19/01/2025
F0741,Awach,Sorghum,10,27/01/2025
F0742,Ongako,Beans,10,08/01/2025
F0743,Awach,Maize,10,13/01/2025
F0744,Pabo,Maize,,12/01/2025
F0745,Ongako,Maize,10,25/01/2025
F0746,Laliya,Sorghum,10,07/01/2025
F0747,Ongako,Sorghum,5,21/01/2025
F0748,Awach,Beans,15,09/01/2025
F0749,Ongako,Groundnuts,,08/01/2025
F0750,Awach,Groundnuts,10,26/01/2025
F0751,Laliya,Beans,15,13/01/2025
F0752,Pabo,Sorghum,10,03/01/2025
F0753,Laliya,Beans,5,03/01/2025
F0754,Awach,Maize,10,17/01/2025
F0755,Awach,Groundnuts,5,28/01/2025
F0756,Pabo,Sorghum,,16/01/2025
F0757,Awach,Maize,,20/01/2025
F0758,Awach,Beans,5,22/01/2025
F0759,Awach,Sorghum,15,22/01/2025
F0760,Pabo,Beans,,15/01/2025
F0761,Pabo,Groundnuts,,12/01/2025
F0762,Ongako,Sorghum,5,06/01/2025
F0763,Pabo,Sorghum,10,12/01/2025
F0764,Awach,Groundnuts,5,29/01/2025
F0765,Pabo,Groundnuts,5,25/01/2025
F0766,Laliya,Maize,15,20/01/2025
F0767,Pabo,Groundnuts,15,13/01/2025
F0768,Laliya,Maize,,25/01/2025
F0769,Laliya,Beans,10,11/01/2025
F0770,Pabo,Groundnuts,5,27/01/2025
F0771,Laliya,Sorghum,10,31/01/2025
F0772,Ongako,Maize,5,26/01/2025
F0773,Ongako,Groundnuts,5,17/01/2025
F0774,Ongako,Beans,,05/01/2025
F0775,Awach,Maize,15,18/01/2025
F0776,Pabo,Maize,5,03/01/2025
F0777,Awach,Maize,,28/01/2025
F0778,Awach,Groundnuts,15,04/01/2025
F0779,Laliya,Sorghum,15,29/01/2025
F0780,Laliya,Maize,15,21/01/2025
F0781,Awach,Groundnuts,15,09/01/2025
F0782,Pabo,Maize,5,12/01/2025
F0783,Awach,Groundnuts,15,05/01/2025
F0784,Awach,Beans,,26/01/2025
F0785,Pabo,Sorghum,,30/01/2025
F0786,Ongako,Beans,15,26/01/2025
F0787,Pabo,Sorghum,,19/01/2025
F0788,Laliya,Sorghum,,11/01/2025
F0789,Ongako,Beans,,16/01/2025
F0790,Laliya,Maize,,03/01/2025
F0791,Awach,Maize,10,10/01/2025
F0792,Awach,Groundnuts,5,13/01/2025
F0793,Ongako,Sorghum,,30/01/2025
F0794,Laliya,Groundnuts,10,27/01/2025
F0795,Pabo,Beans,5,12/01/2025
F0796,Awach,Groundnuts,15,24/01/2025
F0797,Pabo,Maize,5,06/01/2025
F0798,Ongako,Beans,,14/01/2025
F0799,Laliya,Groundnuts,5,17/01/2025
F0800,Laliya,Sorghum,5,29/01/2025
F0801,Laliya,Sorghum,15,12/01/2025
F0802,Pabo,Beans,10,09/01/2025
F0803,Pabo,Beans,,26/01/2025
F0804,Pabo,Maize,5,08/01/2025
F0805,Ongako,Beans,5,16/01/2025
F0806,Pabo,Sorghum,,15/01/2025
F0807,Laliya,Maize,,04/01/2025
F0808,Laliya,Maize,10,18/01/2025
F0809,Laliya,Groundnuts,15,02/01/2025
F0810,Awach,Sorghum,15,24/01/2025
F0811,Laliya,Sorghum,10,23/01/2025
F0812,Ongako,Groundnuts,,15/01/2025
F0813,Awach,Sorghum,15,29/01/2025
F0814,Awach,Sorghum,5,12/01/2025
F0815,Pabo,Groundnuts,,29/01/2025
F0816,Laliya,Maize,5,23/01/2025
F0817,Ongako,Sorghum,5,24/01/2025
F0818,Ongako,Maize,10,22/01/2025
F0819,Awach,Sorghum,,03/01/2025
F0820,Pabo,Maize,10,26/01/2025
F0821,Pabo,Groundnuts,,25/01/2025
F0822,Laliya,Sorghum,,16/01/2025
F0823,Ongako,Groundnuts,5,20/01/2025
F0824,Laliya,Sorghum,15,04/01/2025
F0825,Awach,Beans,5,15/01/2025
F0826,Ongako,Groundnuts,10,05/01/2025
F0827,Ongako,Groundnuts,,07/01/2025
F0828,Awach,Sorghum,5,29/01/2025
F0829,Pabo,Beans,15,11/01/2025
F0830,Laliya,Sorghum,10,10/01/2025
F0831,Ongako,Groundnuts,10,20/01/2025
F0832,Awach,Maize,5,13/01/2025
F0833,Ongako,Beans,15,15/01/2025
F0834,Pabo,Groundnuts,,29/01/2025
F0835,Pabo,Beans,5,21/01/2025
F0836,Awach,Sorghum,10,16/01/2025
F0837,Ongako,Sorghum,15,29/01/2025
F0838,Awach,Maize,,12/01/2025
F0839,Pabo,Beans,5,17/01/2025
F0840,Pabo,Sorghum,5,20/01/2025
F0841,Pabo,Maize,10,19/01/2025
F0842,Laliya,Groundnuts,5,20/01/2025
F0843,Laliya,Beans,,26/01/2025
F0844,Awach,Groundnuts,15,28/01/2025
F0845,Ongako,Groundnuts,5,18/01/2025
F0846,Laliya,Maize,15,29/01/2025
F0847,Laliya,Groundnuts,10,15/01/2025
F0848,Awach,Sorghum,10,07/01/2025
F0849,Ongako,Sorghum,,28/01/2025
F0850,Laliya,Maize,10,29/01/2025
F0851,Pabo,Groundnuts,,21/01/2025
F0852,Awach,Maize,15,15/01/2025
F0853,Awach,Groundnuts,10,03/01/2025
F0854,Awach,Maize,15,10/01/2025
F0855,Ongako,Beans,5,11/01/2025
F0856,Awach,Maize,,09/01/2025
F0857,Ongako,Beans,5,10/01/2025
F0858,Awach,Sorghum,10,10/01/2025
F0859,Pabo,Maize,15,19/01/2025
F0860,Laliya,Groundnuts,10,21/01/2025
F0861,Laliya,Groundnuts,15,22/01/2025
F0862,Pabo,Maize,10,25/01/2025
F0863,Awach,Beans,15,24/01/2025
F0864,Pabo,Groundnuts,15,23/01/2025
F0865,Ongako,Sorghum,5,12/01/2025
F0866,Ongako,Sorghum,10,24/01/2025
F0867,Pabo,Sorghum,5,23/01/2025
F0868,Ongako,Maize,5,22/01/2025
F0869,Laliya,Maize,,05/01/2025
F0870,Pabo,Sorghum,15,26/01/2025
F0871,Awach,Sorghum,5,19/01/2025
F0872,Ongako,Groundnuts,15,05/01/2025
F0873,Ongako,Maize,,26/01/2025
F0874,Pabo,Beans,10,01/01/2025
F0875,Awach,Groundnuts,5,06/01/2025
F0876,Laliya,Sorghum,5,18/01/2025
F0877,Pabo,Sorghum,15,20/01/2025
F0878,Laliya,Maize,,19/01/2025
F0879,Ongako,Beans,5,12/01/2025
F0880,Ongako,Maize,,01/01/2025
F0881,Ongako,Groundnuts,10,28/01/2025
F0882,Pabo,Groundnuts,5,09/01/2025
F0883,Pabo,Groundnuts,5,24/01/2025
F0884,Pabo,Beans,5,09/01/2025
F0885,Laliya,Sorghum,,25/01/2025
F0886,Awach,Beans,10,23/01/2025
F0887,Laliya,Maize,10,05/01/2025
F0888,Awach,Groundnuts,,21/01/2025
F0889,Pabo,Maize,10,02/01/2025
F0890,Ongako,Beans,10,10/01/2025
F0891,Laliya,Groundnuts,15,19/01/2025
F0892,Ongako,Beans,5,19/01/2025
F0893,Awach,Groundnuts,10,12/01/2025
F0894,Ongako,Maize,10,03/01/2025
F0895,Pabo,Beans,,16/01/2025
F0896,Awach,Sorghum,,17/01/2025
F0897,Laliya,Maize,15,31/01/2025
F0898,Pabo,Groundnuts,5,25/01/2025
F0899,Ongako,Maize,15,17/01/2025
F0900,Ongako,Groundnuts,10,24/01/2025
F0901,Laliya,Sorghum,15,03/01/2025
F0902,Pabo,Beans,,18/01/2025
F0903,Awach,Groundnuts,10,23/01/2025
F0904,Ongako,Groundnuts,,23/01/2025
F0905,Awach,Sorghum,15,17/01/2025
F0906,Ongako,Groundnuts,15,26/01/2025
F0907,Pabo,Beans,10,15/01/2025
F0908,Ongako,Beans,,16/01/2025
F0909,Ongako,Groundnuts,10,14/01/2025
F0910,Laliya,Groundnuts,,28/01/2025
F0911,Awach,Beans,10,11/01/2025
F0912,Ongako,Maize,,19/01/2025
F0913,Laliya,Maize,15,06/01/2025
F0914,Laliya,Sorghum,10,01/01/2025
F0915,Laliya,Maize,,07/01/2025
F0916,Awach,Sorghum,10,08/01/2025
F0917,Awach,Sorghum,10,11/01/2025
F0918,Ongako,Sorghum,5,02/01/2025
F0919,Awach,Groundnuts,10,04/01/2025
F0920,Pabo,Groundnuts,,05/01/2025
F0921,Ongako,Beans,5,21/01/2025
F0922,Laliya,Sorghum,15,03/01/2025
F0923,Ongako,Sorghum,5,11/01/2025
F0924,Ongako,Beans,10,01/01/2025
F0925,Awach,Sorghum,10,17/01/2025
F0926,Awach,Groundnuts,15,04/01/2025
F0927,Ongako,Beans,5,31/01/2025
F0928,Pabo,Maize,10,22/01/2025
F0929,Awach,Groundnuts,,27/01/2025
F0930,Ongako,Sorghum,5,15/01/2025
F0931,Laliya,Groundnuts,5,11/01/2025
F0932,Ongako,Sorghum,5,16/01/2025
F0933,Pabo,Groundnuts,,29/01/2025
F0934,Pabo,Groundnuts,5,06/01/2025
F0935,Awach,Maize,15,02/01/2025
F0936,Ongako,Beans,,06/01/2025
F0937,Awach,Sorghum,15,24/01/2025
F0938,Awach,Maize,,06/01/2025
F0939,Laliya,Groundnuts,5,25/01/2025
F0940,Laliya,Sorghum,5,01/01/2025
F0941,Awach,Groundnuts,5,04/01/2025
F0942,Awach,Groundnuts,15,17/01/2025
F0943,Pabo,Beans,10,11/01/2025
F0944,Laliya,Maize,15,06/01/2025
F0945,Ongako,Sorghum,15,02/01/2025
F0946,Pabo,Maize,5,01/01/2025
F0947,Pabo,Groundnuts,10,17/01/2025
F0948,Laliya,Groundnuts,15,26/01/2025
F0949,Ongako,Groundnuts,5,20/01/2025
F0950,Pabo,Beans,,28/01/2025
F0951,Laliya,Beans,,06/01/2025
F0952,Pabo,Beans,5,01/01/2025
F0953,Awach,Beans,,16/01/2025
F0954,Ongako,Sorghum,15,19/01/2025
F0955,Pabo,Beans,10,08/01/2025
F0956,Laliya,Beans,,10/01/2025
F0957,Laliya,Groundnuts,5,01/01/2025
F0958,Pabo,Sorghum,10,30/01/2025
F0959,Ongako,Beans,5,02/01/2025
F0960,Awach,Maize,5,10/01/2025
F0961,Pabo,Groundnuts,,14/01/2025
F0962,Laliya,Maize,,28/01/2025
F0963,Awach,Groundnuts,10,11/01/2025
F0964,Awach,Maize,10,10/01/2025
F0965,Ongako,Beans,,16/01/2025
F0966,Laliya,Groundnuts,15,18/01/2025
F0967,Laliya,Maize,5,04/01/2025
F0968,Awach,Groundnuts,15,03/01/2025
F0969,Laliya,Maize,,10/01/2025
F0970,Pabo,Maize,10,27/01/2025
F0971,Laliya,Groundnuts,15,07/01/2025
F0972,Ongako,Groundnuts,10,09/01/2025
F0973,Awach,Maize,10,05/01/2025
F0974,Pabo,Beans,10,08/01/2025
F0975,Laliya,Beans,10,07/01/2025
F0976,Laliya,Sorghum,10,23/01/2025
F0977,Ongako,Maize,,13/01/2025
F0978,Awach,Groundnuts,,14/01/2025
F0979,Ongako,Beans,5,09/01/2025
F0980,Awach,Sorghum,15,09/01/2025
F0981,Laliya,Beans,5,11/01/2025
F0982,Laliya,Maize,10,23/01/2025
F0983,Ongako,Sorghum,5,16/01/2025
F0984,Awach,Sorghum,15,10/01/2025
F0985,Laliya,Sorghum,10,03/01/2025
F0986,Awach,Beans,15,24/01/2025
F0987,Pabo,Sorghum,10,30/01/2025
F0988,Awach,Beans,10,08/01/2025
F0989,Laliya,Sorghum,,10/01/2025
F0990,Ongako,Maize,15,03/01/2025
F0991,Awach,Sorghum,15,16/01/2025
F0992,Awach,Maize,5,24/01/2025
F0993,Laliya,Sorghum,10,12/01/2025
F0994,Pabo,Sorghum,15,27/01/2025
F0995,Ongako,Groundnuts,5,14/01/2025
F0996,Awach,Beans,10,01/01/2025
F0997,Awach,Beans,5,16/01/2025
F0998,Laliya,Beans,10,12/01/2025
F0999,Pabo,Sorghum,10,23/01/2025
F1000,Laliya,Sorghum,5,30/01/2025
F1001,Laliya,Sorghum,15,13/01/2025
F1002,Awach,Sorghum,,03/01/2025
F1003,Awach,Sorghum,15,15/01/2025
F1004,Awach,Sorghum,,14/01/2025
F1005,Laliya,Beans,,17/01/2025
F1006,Ongako,Groundnuts,10,13/01/2025
F1007,Laliya,Beans,5,17/01/2025
F1008,Awach,Beans,15,12/01/2025
F1009,Ongako,Sorghum,,23/01/2025
F1010,Pabo,Sorghum,5,20/01/2025
F1011,Pabo,Sorghum,10,30/01/2025
F1012,Pabo,Beans,5,05/01/2025
F1013,Pabo,Groundnuts,10,29/01/2025
F1014,Awach,Maize,15,25/01/2025
F1015,Ongako,Sorghum,15,05/01/2025
F1016,Awach,Sorghum,,05/01/2025
F1017,Laliya,Beans,15,22/01/2025
F1018,Awach,Groundnuts,10,17/01/2025
F1019,Laliya,Groundnuts,15,04/01/2025
F1020,Laliya,Maize,,09/01/2025
F1021,Pabo,Maize,,16/01/2025
F1022,Pabo,Beans,10,20/01/2025
F1023,Laliya,Maize,10,17/01/2025
F1024,Ongako,Maize,10,15/01/2025
F1025,Laliya,Maize,,06/01/2025
F1026,Laliya,Groundnuts,,20/01/2025
F1027,Laliya,Maize,15,15/01/2025
F1028,Pabo,Beans,15,22/01/2025
F1029,Pabo,Maize,15,08/01/2025
F1030,Ongako,Groundnuts,15,16/01/2025
F1031,Laliya,Groundnuts,,05/01/2025
F1032,Pabo,Sorghum,15,02/01/2025
F1033,Pabo,Groundnuts,10,09/01/2025
F1034,Ongako,Sorghum,,26/01/2025
F1035,Laliya,Sorghum,,09/01/2025
F1036,Laliya,Maize,5,26/01/2025
F1037,Awach,Beans,15,10/01/2025
F1038,Pabo,Sorghum,5,10/01/2025
F1039,Laliya,Sorghum,10,31/01/2025
F1040,Laliya,Beans,10,11/01/2025
F1041,Pabo,Maize,15,15/01/2025
F1042,Laliya,Groundnuts,,22/01/2025
F1043,Awach,Sorghum,,05/01/2025
F1044,Awach,Sorghum,10,11/01/2025
F1045,Awach,Groundnuts,15,03/01/2025
F1046,Pabo,Sorghum,10,02/01/2025
F1047,Ongako,Maize,5,17/01/2025
F1048,Pabo,Groundnuts,10,08/01/2025
F1049,Awach,Sorghum,5,13/01/2025
F1050,Ongako,Beans,5,20/01/2025
F1051,Laliya,Beans,5,14/01/2025
F1052,Awach,Groundnuts,5,07/01/2025
F1053,Awach,Sorghum,,06/01/2025
F1054,Pabo,Groundnuts,10,26/01/2025
F1055,Pabo,Sorghum,10,20/01/2025
F1056,Laliya,Maize,5,04/01/2025
F1057,Pabo,Beans,5,24/01/2025
F1058,Pabo,Maize,,04/01/2025
F1059,Pabo,Beans,,03/01/2025
F1060,Ongako,Maize,,01/01/2025
F1061,Pabo,Maize,15,27/01/2025
F1062,Awach,Maize,15,04/01/2025
F1063,Ongako,Groundnuts,15,23/01/2025
F1064,Laliya,Sorghum,10,19/01/2025
F1065,Ongako,Beans,5,23/01/2025
F1066,Laliya,Maize,15,01/01/2025
F1067,Pabo,Maize,15,31/01/2025
F1068,Pabo,Maize,10,17/01/2025
F1069,Pabo,Groundnuts,,22/01/2025
F1070,Awach,Groundnuts,15,11/01/2025
F1071,Awach,Beans,10,12/01/2025
F1072,Laliya,Sorghum,,05/01/2025
F1073,Awach,Groundnuts,,29/01/2025
F1074,Laliya,Groundnuts,5,01/01/2025
F1075,Laliya,Beans,15,22/01/2025
F1076,Pabo,Maize,15,04/01/2025
F1077,Awach,Sorghum,5,09/01/2025
F1078,Awach,Maize,15,15/01/2025
F1079,Ongako,Groundnuts,,01/01/2025
F1080,Pabo,Sorghum,,05/01/2025
F1081,Pabo,Groundnuts,10,25/01/2025
F1082,Awach,Beans,5,23/01/2025
F1083,Pabo,Groundnuts,,16/01/2025
F1084,Ongako,Groundnuts,15,19/01/2025
F1085,Ongako,Maize,5,17/01/2025
F1086,Awach,Groundnuts,5,25/01/2025
F1087,Awach,Groundnuts,,25/01/2025
F1088,Laliya,Groundnuts,,23/01/2025
F1089,Awach,Sorghum,,25/01/2025
F1090,Awach,Groundnuts,15,30/01/2025
F1091,Ongako,Beans,15,29/01/2025
F1092,Laliya,Groundnuts,5,26/01/2025
F1093,Pabo,Beans,5,03/01/2025
F1094,Pabo,Sorghum,5,15/01/2025
F1095,Pabo,Sorghum,5,20/01/2025
F1096,Pabo,Sorghum,,16/01/2025
F1097,Laliya,Beans,,12/01/2025
F1098,Ongako,Maize,5,26/01/2025
F1099,Ongako,Beans,5,05/01/2025
F1100,Awach,Maize,15,19/01/2025
F1101,Ongako,Sorghum,5,05/01/2025
F1102,Pabo,Maize,15,10/01/2025
F1103,Ongako,Sorghum,5,20/01/2025
F1104,Awach,Maize,10,08/01/2025
F1105,Laliya,Groundnuts,,31/01/2025
F1106,Pabo,Maize,10,10/01/2025
F1107,Pabo,Maize,,01/01/2025
F1108,Laliya,Maize,10,26/01/2025
F1109,Awach,Beans,15,06/01/2025
F1110,Awach,Maize,5,05/01/2025
F1111,Laliya,Maize,15,25/01/2025
F1112,Laliya,Maize,15,03/01/2025
F1113,Laliya,Maize,10,17/01/2025
F1114,Laliya,Sorghum,,14/01/2025
F1115,Laliya,Groundnuts,15,14/01/2025
F1116,Pabo,Groundnuts,10,20/01/2025
F1117,Awach,Sorghum,10,06/01/2025
F1118,Ongako,Groundnuts,15,13/01/2025
F1119,Laliya,Maize,5,21/01/2025
F1120,Ongako,Maize,,31/01/2025
F1121,Ongako,Maize,15,09/01/2025
F1122,Laliya,Groundnuts,15,31/01/2025
F1123,Ongako,Sorghum,10,24/01/2025
F1124,Awach,Beans,15,14/01/2025
F1125,Laliya,Maize,5,03/01/2025
F1126,Awach,Sorghum,5,29/01/2025
F1127,Pabo,Sorghum,15,25/01/2025
F1128,Awach,Groundnuts,15,18/01/2025
F1129,Pabo,Sorghum,,31/01/2025
F1130,Awach,Sorghum,,03/01/2025
F1131,Pabo,Beans,5,05/01/2025
F1132,Laliya,Sorghum,10,10/01/2025
F1133,Laliya,Groundnuts,15,27/01/2025
F1134,Awach,Sorghum,,11/01/2025
F1135,Awach,Groundnuts,10,05/01/2025
F1136,Pabo,Sorghum,15,04/01/2025
F1137,Ongako,Sorghum,15,02/01/2025
F1138,Laliya,Beans,10,10/01/2025
F1139,Awach,Beans,10,24/01/2025
F1140,Pabo,Beans,10,23/01/2025
F1141,Pabo,Maize,,18/01/2025
F1142,Laliya,Groundnuts,10,30/01/2025
F1143,Pabo,Maize,,14/01/2025
F1144,Awach,Maize,10,31/01/2025
F1145,Laliya,Sorghum,10,22/01/2025
F1146,Awach,Groundnuts,15,27/01/2025
F1147,Ongako,Maize,,27/01/2025
F1148,Pabo,Beans,15,17/01/2025
F1149,Ongako,Maize,5,19/01/2025
F1150,Laliya,Groundnuts,5,17/01/2025
F1151,Awach,Sorghum,10,31/01/2025
F1152,Laliya,Sorghum,15,21/01/2025
F1153,Laliya,Maize,,07/01/2025
F1154,Pabo,Maize,10,29/01/2025
F1155,Ongako,Maize,5,20/01/2025
F1156,Pabo,Groundnuts,15,03/01/2025
F1157,Ongako,Maize,,17/01/2025
F1158,Ongako,Beans,,20/01/2025
F1159,Ongako,Maize,10,30/01/2025
F1160,Awach,Maize,10,09/01/2025
F1161,Pabo,Groundnuts,10,03/01/2025
F1162,Laliya,Sorghum,15,16/01/2025
F1163,Pabo,Groundnuts,,10/01/2025
F1164,Laliya,Groundnuts,,09/01/2025
F1165,Laliya,Maize,5,13/01/2025
F1166,Ongako,Groundnuts,15,02/01/2025
F1167,Laliya,Maize,15,09/01/2025
F1168,Laliya,Maize,5,08/01/2025
F1169,Laliya,Maize,10,19/01/2025
F1170,Laliya,Sorghum,15,26/01/2025
F1171,Laliya,Maize,15,04/01/2025
F1172,Ongako,Groundnuts,15,12/01/2025
F1173,Laliya,Groundnuts,5,26/01/2025
F1174,Pabo,Maize,15,12/01/2025
F1175,Laliya,Groundnuts,15,20/01/2025
F1176,Ongako,Maize,15,03/01/2025
F1177,Pabo,Beans,,27/01/2025
F1178,Laliya,Groundnuts,,31/01/2025
F1179,Laliya,Groundnuts,,20/01/2025
F1180,Awach,Maize,,03/01/2025
F1181,Pabo,Groundnuts,10,21/01/2025
F1182,Pabo,Maize,15,18/01/2025
F1183,Ongako,Beans,5,15/01/2025
F1184,Pabo,Groundnuts,,18/01/2025
F1185,Laliya,Beans,15,29/01/2025
F1186,Awach,Groundnuts,15,06/01/2025
F1187,Laliya,Groundnuts,5,23/01/2025
F1188,Awach,Groundnuts,10,24/01/2025
F1189,Laliya,Sorghum,15,18/01/2025
F1190,Ongako,Sorghum,5,01/01/2025
F1191,Laliya,Groundnuts,10,08/01/2025
F1192,Ongako,Sorghum,,29/01/2025
F1193,Awach,Groundnuts,,03/01/2025
F1194,Ongako,Sorghum,15,27/01/2025
F1195,Pabo,Groundnuts,10,23/01/2025
F1196,Laliya,Maize,5,26/01/2025
F1197,Laliya,Sorghum,,31/01/2025
F1198,Awach,Sorghum,,03/01/2025
F1199,Laliya,Maize,10,29/01/2025
F1200,Ongako,Sorghum,5,08/01/2025
F1201,Laliya,Sorghum,10,21/01/2025
F1202,Awach,Beans,15,23/01/2025
F1203,Pabo,Groundnuts,10,25/01/2025
F1204,Laliya,Maize,,09/01/2025
F1205,Pabo,Sorghum,5,28/01/2025
F1206,Laliya,Maize,15,22/01/2025
F1207,Laliya,Groundnuts,5,31/01/2025
F1208,Awach,Sorghum,15,04/01/2025
F1209,Laliya,Beans,15,28/01/2025
F1210,Pabo,Beans,15,24/01/2025
F1211,Ongako,Beans,5,17/01/2025
F1212,Laliya,Groundnuts,15,15/01/2025
F1213,Pabo,Sorghum,10,12/01/2025
F1214,Awach,Beans,15,21/01/2025
F1215,Ongako,Beans,5,01/01/2025
F1216,Laliya,Beans,5,22/01/2025
F1217,Awach,Maize,5,06/01/2025
F1218,Laliya,Groundnuts,10,08/01/2025
F1219,Awach,Groundnuts,10,02/01/2025
F1220,Laliya,Maize,10,02/01/2025
F1221,Laliya,Groundnuts,10,21/01/2025
F1222,Laliya,Maize,5,30/01/2025
F1223,Laliya,Beans,15,16/01/2025
F1224,Awach,Beans,,02/01/2025
F1225,Ongako,Groundnuts,10,29/01/2025
F1226,Pabo,Sorghum,5,13/01/2025
F1227,Awach,Groundnuts,15,16/01/2025
F1228,Ongako,Sorghum,5,06/01/2025
F1229,Pabo,Groundnuts,,03/01/2025
F1230,Laliya,Groundnuts,5,14/01/2025
F1231,Ongako,Groundnuts,5,05/01/2025
F1232,Pabo,Groundnuts,15,27/01/2025
F1233,Pabo,Beans,5,08/01/2025
F1234,Ongako,Maize,15,22/01/2025
F1235,Laliya,Maize,10,10/01/2025
F1236,Awach,Beans,10,01/01/2025
F1237,Ongako,Beans,5,09/01/2025
F1238,Laliya,Beans,10,11/01/2025
F1239,Awach,Maize,5,23/01/2025
F1240,Pabo,Sorghum,,04/01/2025
F1241,Ongako,Maize,10,28/01/2025
F1242,Ongako,Beans,15,26/01/2025
F1243,Pabo,Maize,15,17/01/2025
F1244,Laliya,Sorghum,10,09/01/2025
F1245,Pabo,Sorghum,15,04/01/2025
F1246,Ongako,Maize,5,26/01/2025
F1247,Laliya,Sorghum,5,20/01/2025
F1248,Pabo,Sorghum,10,14/01/2025
F1249,Pabo,Sorghum,,01/01/2025
F1250,Awach,Groundnuts,10,20/01/2025
F1251,Ongako,Sorghum,5,15/01/2025
F1252,Laliya,Sorghum,10,29/01/2025
F1253,Pabo,Groundnuts,5,14/01/2025
F1254,Awach,Beans,10,03/01/2025
F1255,Pabo,Groundnuts,5,09/01/2025
F1256,Ongako,Beans,,18/01/2025
F1257,Ongako,Beans,,10/01/2025
F1258,Awach,Sorghum,10,13/01/2025
F1259,Laliya,Groundnuts,15,23/01/2025
F1260,Awach,Maize,15,08/01/2025
F1261,Ongako,Groundnuts,,01/01/2025
F1262,Ongako,Beans,15,30/01/2025
F1263,Laliya,Sorghum,,29/01/2025
F1264,Pabo,Sorghum,,25/01/2025
F1265,Laliya,Sorghum,10,01/01/2025
F1266,Awach,Beans,,06/01/2025
F1267,Ongako,Maize,10,18/01/2025
F1268,Laliya,Sorghum,,24/01/2025
F1269,Ongako,Maize,,25/01/2025
F1270,Ongako,Maize,,04/01/2025
F1271,Laliya,Maize,15,21/01/2025
F1272,Awach,Sorghum,10,21/01/2025
F1273,Ongako,Groundnuts,,26/01/2025
F1274,Awach,Sorghum,15,26/01/2025
F1275,Pabo,Maize,10,04/01/2025
F1276,Pabo,Beans,5,02/01/2025
F1277,Laliya,Groundnuts,10,22/01/2025
F1278,Pabo,Maize,5,27/01/2025
F1279,Laliya,Beans,,15/01/2025
F1280,Pabo,Maize,,14/01/2025
F1281,Pabo,Maize,15,12/01/2025
F1282,Laliya,Maize,,29/01/2025
F1283,Pabo,Groundnuts,5,21/01/2025
F1284,Laliya,Maize,15,21/01/2025
F1285,Laliya,Groundnuts,,08/01/2025
F1286,Awach,Sorghum,10,25/01/2025
F1287,Awach,Maize,15,07/01/2025
F1288,Laliya,Beans,,11/01/2025
F1289,Pabo,Groundnuts,,10/01/2025
F1290,Laliya,Sorghum,5,17/01/2025
F1291,Ongako,Beans,10,10/01/2025
F1292,Awach,Sorghum,5,20/01/2025
F1293,Laliya,Groundnuts,10,03/01/2025
F1294,Pabo,Maize,,07/01/2025
F1295,Pabo,Beans,10,12/01/2025
F1296,Awach,Groundnuts,15,29/01/2025
F1297,Laliya,Maize,5,20/01/2025
F1298,Awach,Sorghum,,01/01/2025
F1299,Pabo,Groundnuts,,13/01/2025
F1300,Laliya,Beans,5,10/01/2025
F1301,Pabo,Sorghum,,03/01/2025
F1302,Laliya,Maize,5,04/01/2025
F1303,Laliya,Maize,,27/01/2025
F1304,Awach,Beans,,25/01/2025
F1305,Awach,Sorghum,15,11/01/2025
F1306,Pabo,Sorghum,5,14/01/2025
F1307,Ongako,Beans,15,03/01/2025
F1308,Awach,Beans,10,27/01/2025
F1309,Laliya,Beans,,06/01/2025
F1310,Laliya,Beans,10,22/01/2025
F1311,Pabo,Maize,15,03/01/2025
F1312,Awach,Sorghum,15,30/01/2025
F1313,Laliya,Maize,15,22/01/2025
F1314,Pabo,Sorghum,5,08/01/2025
F1315,Pabo,Beans,5,19/01/2025
F1316,Laliya,Beans,5,29/01/2025
F1317,Laliya,Sorghum,5,26/01/2025
F1318,Ongako,Groundnuts,5,27/01/2025
F1319,Pabo,Maize,10,11/01/2025
F1320,Awach,Beans,10,31/01/2025
F1321,Ongako,Beans,10,10/01/2025
F1322,Laliya,Groundnuts,15,23/01/2025
F1323,Laliya,Groundnuts,15,12/01/2025
F1324,Ongako,Groundnuts,10,10/01/2025
F1325,Ongako,Groundnuts,10,25/01/2025
F1326,Awach,Beans,10,29/01/2025
F1327,Pabo,Groundnuts,5,16/01/2025
F1328,Laliya,Groundnuts,5,11/01/2025
F1329,Awach,Beans,15,29/01/2025
F1330,Pabo,Sorghum,15,18/01/2025
F1331,Awach,Groundnuts,10,12/01/2025
F1332,Awach,Beans,,21/01/2025
F1333,Awach,Groundnuts,15,01/01/2025
F1334,Pabo,Beans,,18/01/2025
F1335,Pabo,Groundnuts,5,01/01/2025
F1336,Awach,Maize,5,30/01/2025
F1337,Awach,Maize,5,14/01/2025
F1338,Pabo,Sorghum,15,27/01/2025
F1339,Awach,Sorghum,,01/01/2025
F1340,Awach,Sorghum,15,03/01/2025
F1341,Awach,Maize,5,12/01/2025
F1342,Pabo,Beans,10,25/01/2025
F1343,Laliya,Sorghum,,11/01/2025
F1344,Ongako,Groundnuts,10,27/01/2025
F1345,Laliya,Sorghum,,07/01/2025
F1346,Awach,Sorghum,15,03/01/2025
F1347,Awach,Sorghum,15,24/01/2025
F1348,Awach,Groundnuts,5,31/01/2025
F1349,Laliya,Sorghum,,11/01/2025
F1350,Ongako,Beans,5,05/01/2025
F1351,Awach,Beans,,06/01/2025
F1352,Pabo,Groundnuts,5,15/01/2025
F1353,Laliya,Maize,10,18/01/2025
F1354,Pabo,Beans,15,27/01/2025
F1355,Ongako,Groundnuts,5,28/01/2025
F1356,Laliya,Beans,,31/01/2025
F1357,Ongako,Sorghum,15,16/01/2025
F1358,Ongako,Sorghum,10,10/01/2025
F1359,Laliya,Groundnuts,,03/01/2025
F1360,Ongako,Groundnuts,,16/01/2025
F1361,Pabo,Maize,5,25/01/2025
F1362,Pabo,Maize,15,16/01/2025
F1363,Laliya,Groundnuts,10,31/01/2025
F1364,Pabo,Beans,10,03/01/2025
F1365,Ongako,Maize,,22/01/2025
F1366,Ongako,Groundnuts,10,13/01/2025
F1367,Laliya,Groundnuts,,15/01/2025
F1368,Pabo,Beans,5,27/01/2025
F1369,Pabo,Beans,,28/01/2025
F1370,Pabo,Groundnuts,10,15/01/2025
F1371,Laliya,Beans,,09/01/2025
F1372,Ongako,Beans,15,04/01/2025
F1373,Awach,Beans,10,05/01/2025
F1374,Laliya,Sorghum,15,22/01/2025
F1375,Pabo,Maize,15,15/01/2025
F1376,Pabo,Groundnuts,,29/01/2025
F1377,Laliya,Sorghum,15,16/01/2025
F1378,Pabo,Sorghum,,24/01/2025
F1379,Pabo,Sorghum,5,18/01/2025
F1380,Laliya,Sorghum,15,25/01/2025
F1381,Ongako,Beans,,26/01/2025
F1382,Pabo,Sorghum,,20/01/2025
F1383,Pabo,Maize,5,27/01/2025
F1384,Laliya,Sorghum,15,12/01/2025
F1385,Pabo,Groundnuts,,01/01/2025
F1386,Laliya,Groundnuts,5,12/01/2025
F1387,Ongako,Maize,5,31/01/2025
F1388,Pabo,Beans,15,02/01/2025
F1389,Laliya,Maize,,01/01/2025
F1390,Awach,Beans,10,27/01/2025
F1391,Laliya,Maize,10,20/01/2025
F1392,Laliya,Beans,,05/01/2025
F1393,Laliya,Groundnuts,5,24/01/2025
F1394,Laliya,Sorghum,5,19/01/2025
F1395,Ongako,Sorghum,,25/01/2025
F1396,Ongako,Groundnuts,10,08/01/2025
F1397,Awach,Groundnuts,10,10/01/2025
F1398,Awach,Maize,,17/01/2025
F1399,Awach,Sorghum,10,19/01/2025
F1400,Pabo,Beans,,31/01/2025
F1401,Laliya,Beans,,14/01/2025
F1402,Ongako,Maize,10,05/01/2025
F1403,Ongako,Sorghum,15,13/01/2025
F1404,Awach,Maize,15,31/01/2025
F1405,Laliya,Beans,5,30/01/2025
F1406,Ongako,Sorghum,10,13/01/2025
F1407,Laliya,Beans,5,10/01/2025
F1408,Awach,Sorghum,10,17/01/2025
F1409,Ongako,Sorghum,,06/01/2025
F1410,Pabo,Groundnuts,15,25/01/2025
F1411,Pabo,Sorghum,,30/01/2025
F1412,Ongako,Beans,5,13/01/2025
F1413,Pabo,Groundnuts,10,23/01/2025
F1414,Awach,Maize,,22/01/2025
F1415,Pabo,Maize,15,18/01/2025
F1416,Pabo,Maize,10,04/01/2025
F1417,Ongako,Groundnuts,10,09/01/2025
F1418,Ongako,Groundnuts,10,18/01/2025
F1419,Pabo,Beans,,04/01/2025
F1420,Awach,Maize,10,20/01/2025
F1421,Laliya,Groundnuts,10,04/01/2025
F1422,Ongako,Sorghum,5,17/01/2025
F1423,Pabo,Sorghum,,08/01/2025
F1424,Awach,Groundnuts,10,05/01/2025
F1425,Awach,Maize,,05/01/2025
F1426,Pabo,Sorghum,,22/01/2025
F1427,Laliya,Groundnuts,10,05/01/2025
F1428,Awach,Sorghum,10,27/01/2025
F1429,Ongako,Groundnuts,10,14/01/2025
F1430,Ongako,Groundnuts,15,24/01/2025
F1431,Laliya,Groundnuts,,25/01/2025
F1432,Ongako,Maize,,10/01/2025
F1433,Laliya,Beans,10,25/01/2025
F1434,Pabo,Maize,5,24/01/2025
F1435,Ongako,Groundnuts,10,07/01/2025
F1436,Pabo,Maize,,27/01/2025
F1437,Laliya,Beans,5,24/01/2025
F1438,Laliya,Beans,5,06/01/2025
F1439,Awach,Groundnuts,,19/01/2025
F1440,Awach,Maize,10,22/01/2025
F1441,Awach,Maize,,17/01/2025
F1442,Ongako,Beans,,21/01/2025
F1443,Awach,Maize,,17/01/2025
F1444,Laliya,Beans,10,23/01/2025
F1445,Awach,Groundnuts,15,22/01/2025
F1446,Laliya,Beans,5,26/01/2025
F1447,Awach,Maize,15,27/01/2025
F1448,Pabo,Groundnuts,5,04/01/2025
F1449,Awach,Beans,15,22/01/2025
F1450,Pabo,Beans,15,25/01/2025
F1451,Pabo,Maize,15,06/01/2025
F1452,Awach,Sorghum,5,19/01/2025
F1453,Ongako,Beans,15,01/01/2025
F1454,Ongako,Groundnuts,,27/01/2025
F1455,Ongako,Groundnuts,15,10/01/2025
F1456,Laliya,Sorghum,15,24/01/2025
F1457,Pabo,Groundnuts,15,09/01/2025
F1458,Ongako,Groundnuts,,15/01/2025
F1459,Awach,Maize,10,15/01/2025
F1460,Pabo,Groundnuts,15,24/01/2025
F1461,Pabo,Groundnuts,15,09/01/2025
F1462,Laliya,Beans,5,16/01/2025
F1463,Laliya,Groundnuts,15,17/01/2025
F1464,Laliya,Groundnuts,,24/01/2025
F1465,Ongako,Maize,,10/01/2025
F1466,Pabo,Beans,15,08/01/2025
F1467,Pabo,Maize,15,08/01/2025
F1468,Awach,Beans,15,28/01/2025
F1469,Ongako,Maize,15,17/01/2025
F1470,Ongako,Maize,15,12/01/2025
F1471,Laliya,Beans,5,24/01/2025
F1472,Pabo,Beans,15,19/01/2025
F1473,Awach,Maize,,23/01/2025
F1474,Laliya,Sorghum,10,01/01/2025
F1475,Laliya,Sorghum,,06/01/2025
F1476,Pabo,Beans,5,01/01/2025
F1477,Awach,Beans,10,26/01/2025
F1478,Awach,Beans,10,26/01/2025
F1479,Pabo,Groundnuts,10,08/01/2025
F1480,Ongako,Sorghum,5,18/01/2025
F1481,Laliya,Sorghum,5,09/01/2025
F1482,Awach,Sorghum,,01/01/2025
F1483,Ongako,Sorghum,,27/01/2025
F1484,Pabo,Beans,5,15/01/2025
F1485,Pabo,Groundnuts,15,22/01/2025
F1486,Pabo,Beans,5,10/01/2025
F1487,Pabo,Sorghum,10,15/01/2025
F1488,Awach,Sorghum,15,08/01/2025
F1489,Awach,Beans,5,21/01/2025
F1490,Ongako,Beans,15,25/01/2025
F1491,Laliya,Sorghum,5,14/01/2025
F1492,Pabo,Beans,10,29/01/2025
F1493,Awach,Sorghum,15,13/01/2025
F1494,Awach,Groundnuts,10,22/01/2025
F1495,Laliya,Groundnuts,15,26/01/2025
F1496,Ongako,Beans,10,17/01/2025
F1497,Awach,Groundnuts,5,15/01/2025
F1498,Pabo,Beans,5,24/01/2025
F1499,Pabo,Beans,15,12/01/2025
F1500,Pabo,Sorghum,,05/01/2025
F1501,Ongako,Maize,,26/01/2025
F1502,Awach,Maize,15,22/01/2025
F1503,Laliya,Beans,,25/01/2025
F1504,Laliya,Maize,10,29/01/2025
F1505,Laliya,Groundnuts,10,23/01/2025
F1506,Ongako,Beans,,11/01/2025
F1507,Pabo,Maize,,28/01/2025
F1508,Ongako,Groundnuts,,10/01/2025
F1509,Ongako,Groundnuts,,12/01/2025
F1510,Ongako,Beans,,22/01/2025
F1511,Ongako,Maize,5,08/01/2025
F1512,Pabo,Groundnuts,10,03/01/2025
F1513,Laliya,Sorghum,,23/01/2025
F1514,Ongako,Sorghum,15,28/01/2025
F1515,Awach,Maize,10,30/01/2025
F1516,Laliya,Beans,10,29/01/2025
F1517,Awach,Groundnuts,,25/01/2025
F1518,Ongako,Maize,10,06/01/2025
F1519,Laliya,Groundnuts,15,04/01/2025
F1520,Pabo,Beans,10,22/01/2025
F1521,Ongako,Sorghum,15,10/01/2025
F1522,Ongako,Groundnuts,15,16/01/2025
F1523,Laliya,Sorghum,10,17/01/2025
F1524,Awach,Sorghum,5,07/01/2025
F1525,Ongako,Maize,,09/01/2025
F1526,Pabo,Groundnuts,10,01/01/2025
F1527,Awach,Groundnuts,15,22/01/2025
F1528,Awach,Beans,,07/01/2025
F1529,Ongako,Groundnuts,,08/01/2025
F1530,Ongako,Groundnuts,15,18/01/2025
F1531,Laliya,Sorghum,15,24/01/2025
F1532,Awach,Beans,5,17/01/2025
F1533,Laliya,Beans,,08/01/2025
F1534,Pabo,Sorghum,15,26/01/2025
F1535,Laliya,Beans,,12/01/2025
F1536,Ongako,Groundnuts,,05/01/2025
F1537,Awach,Beans,5,31/01/2025
F1538,Pabo,Beans,,31/01/2025
F1539,Laliya,Groundnuts,10,05/01/2025
F1540,Laliya,Sorghum,10,08/01/2025
F1541,Pabo,Sorghum,15,18/01/2025
F1542,Ongako,Beans,5,21/01/2025
F1543,Awach,Maize,5,21/01/2025
F1544,Laliya,Maize,15,18/01/2025
F1545,Ongako,Beans,5,15/01/2025
F1546,Ongako,Groundnuts,5,19/01/2025
F1547,Pabo,Maize,15,26/01/2025
F1548,Pabo,Beans,15,20/01/2025
F1549,Laliya,Sorghum,15,23/01/2025
F1550,Awach,Sorghum,15,08/01/2025
F1551,Ongako,Sorghum,10,16/01/2025
F1552,Ongako,Groundnuts,5,15/01/2025
F1553,Ongako,Maize,15,16/01/2025
F1554,Awach,Maize,5,21/01/2025
F1555,Ongako,Maize,5,27/01/2025
F1556,Laliya,Maize,10,06/01/2025
F1557,Laliya,Beans,10,29/01/2025
F1558,Pabo,Beans,5,31/01/2025
F1559,Ongako,Groundnuts,5,30/01/2025
F1560,Ongako,Maize,15,18/01/2025
F1561,Laliya,Groundnuts,10,26/01/2025
F1562,Awach,Groundnuts,10,30/01/2025
F1563,Pabo,Groundnuts,5,31/01/2025
F1564,Pabo,Sorghum,5,07/01/2025
F1565,Ongako,Beans,5,25/01/2025
F1566,Ongako,Groundnuts,15,12/01/2025
F1567,Ongako,Groundnuts,10,26/01/2025
F1568,Laliya,Beans,15,29/01/2025
F1569,Awach,Groundnuts,5,05/01/2025
F1570,Laliya,Groundnuts,5,26/01/2025
F1571,Laliya,Groundnuts,5,22/01/2025
F1572,Pabo,Beans,5,13/01/2025
F1573,Ongako,Sorghum,5,26/01/2025
F1574,Awach,Maize,5,11/01/2025
F1575,Ongako,Beans,,15/01/2025
F1576,Pabo,Maize,5,14/01/2025
F1577,Laliya,Groundnuts,15,06/01/2025
F1578,Awach,Sorghum,,11/01/2025
F1579,Laliya,Maize,5,26/01/2025
F1580,Pabo,Maize,10,29/01/2025
F1581,Pabo,Beans,5,26/01/2025
F1582,Ongako,Maize,15,09/01/2025
F1583,Pabo,Beans,10,07/01/2025
F1584,Ongako,Beans,15,30/01/2025
F1585,Awach,Beans,5,14/01/2025
F1586,Awach,Maize,,13/01/2025
F1587,Pabo,Beans,,12/01/2025
F1588,Pabo,Sorghum,,22/01/2025
F1589,Ongako,Groundnuts,5,22/01/2025
F1590,Laliya,Groundnuts,10,21/01/2025
F1591,Awach,Beans,5,10/01/2025
F1592,Pabo,Maize,15,26/01/2025
F1593,Pabo,Groundnuts,10,07/01/2025
F1594,Ongako,Sorghum,15,16/01/2025
F1595,Awach,Groundnuts,10,15/01/2025
F1596,Laliya,Maize,15,09/01/2025
F1597,Ongako,Sorghum,10,26/01/2025
F1598,Ongako,Groundnuts,15,21/01/2025
F1599,Awach,Beans,,01/01/2025
F1600,Ongako,Sorghum,15,29/01/2025
F1601,Pabo,Maize,,09/01/2025
F1602,Awach,Maize,5,27/01/2025
F1603,Pabo,Beans,10,02/01/2025
F1604,Laliya,Beans,,07/01/2025
F1605,Pabo,Sorghum,5,06/01/2025
F1606,Ongako,Groundnuts,5,20/01/2025
F1607,Pabo,Sorghum,15,24/01/2025
F1608,Pabo,Maize,15,24/01/2025
F1609,Laliya,Beans,15,13/01/2025
F1610,Awach,Sorghum,5,17/01/2025
F1611,Ongako,Beans,,01/01/2025
F1612,Pabo,Groundnuts,5,01/01/2025
F1613,Laliya,Sorghum,15,24/01/2025
F1614,Awach,Beans,5,30/01/2025
F1615,Pabo,Maize,15,03/01/2025
F1616,Pabo,Beans,10,18/01/2025
F1617,Laliya,Sorghum,15,04/01/2025
F1618,Laliya,Maize,15,15/01/2025
F1619,Ongako,Beans,10,26/01/2025
F1620,Awach,Beans,10,18/01/2025
F1621,Pabo,Sorghum,15,24/01/2025
F1622,Awach,Sorghum,,19/01/2025
F1623,Awach,Beans,,17/01/2025
F1624,Laliya,Groundnuts,,05/01/2025
F1625,Pabo,Beans,,23/01/2025
F1626,Awach,Maize,5,17/01/2025
F1627,Pabo,Sorghum,,20/01/2025
F1628,Pabo,Maize,10,07/01/2025
F1629,Ongako,Beans,15,19/01/2025
F1630,Awach,Beans,5,04/01/2025
F1631,Laliya,Groundnuts,,01/01/2025
F1632,Laliya,Groundnuts,5,25/01/2025
F1633,Awach,Sorghum,,04/01/2025
F1634,Awach,Maize,15,07/01/2025
F1635,Pabo,Maize,15,14/01/2025
F1636,Awach,Groundnuts,5,12/01/2025
F1637,Laliya,Maize,,21/01/2025
F1638,Ongako,Beans,15,30/01/2025
F1639,Pabo,Groundnuts,15,17/01/2025
F1640,Ongako,Sorghum,10,03/01/2025
F1641,Ongako,Beans,10,26/01/2025
F1642,Pabo,Groundnuts,5,29/01/2025
F1643,Awach,Groundnuts,10,22/01/2025
F1644,Pabo,Maize,5,01/01/2025
F1645,Laliya,Beans,,31/01/2025
F1646,Awach,Groundnuts,15,30/01/2025
F1647,Ongako,Groundnuts,,29/01/2025
F1648,Awach,Beans,10,11/01/2025
F1649,Pabo,Maize,10,12/01/2025
F1650,Awach,Maize,15,24/01/2025
F1651,Pabo,Sorghum,5,07/01/2025
F1652,Pabo,Groundnuts,10,06/01/2025
F1653,Laliya,Beans,10,26/01/2025
F1654,Pabo,Groundnuts,15,25/01/2025
F1655,Laliya,Groundnuts,15,13/01/2025
F1656,Awach,Sorghum,5,14/01/2025
F1657,Awach,Sorghum,,09/01/2025
F1658,Pabo,Groundnuts,15,27/01/2025
F1659,Laliya,Groundnuts,,16/01/2025
F1660,Awach,Sorghum,10,25/01/2025
F1661,Awach,Sorghum,10,19/01/2025
F1662,Ongako,Sorghum,,15/01/2025
F1663,Awach,Groundnuts,15,31/01/2025
F1664,Ongako,Beans,10,17/01/2025
F1665,Awach,Sorghum,10,17/01/2025
F1666,Ongako,Maize,5,14/01/2025
F1667,Laliya,Maize,15,05/01/2025
F1668,Pabo,Maize,,06/01/2025
F1669,Ongako,Beans,10,13/01/2025
F1670,Ongako,Sorghum,10,18/01/2025
F1671,Ongako,Groundnuts,10,17/01/2025
F1672,Laliya,Maize,15,10/01/2025
F1673,Awach,Sorghum,5,09/01/2025
F1674,Awach,Beans,,01/01/2025
F1675,Pabo,Maize,,05/01/2025
F1676,Ongako,Sorghum,10,28/01/2025
F1677,Laliya,Beans,5,31/01/2025
F1678,Ongako,Sorghum,10,28/01/2025
F1679,Ongako,Sorghum,5,26/01/2025
F1680,Pabo,Groundnuts,,03/01/2025
F1681,Laliya,Beans,10,31/01/2025
F1682,Ongako,Maize,10,09/01/2025
F1683,Laliya,Groundnuts,10,25/01/2025
F1684,Ongako,Beans,,23/01/2025
F1685,Pabo,Groundnuts,10,06/01/2025
F1686,Awach,Groundnuts,,22/01/2025
F1687,Ongako,Maize,10,14/01/2025
F1688,Laliya,Maize,5,20/01/2025
F1689,Pabo,Beans,15,12/01/2025
F1690,Pabo,Maize,15,03/01/2025
F1691,Awach,Beans,,15/01/2025
F1692,Awach,Groundnuts,5,11/01/2025
F1693,Pabo,Maize,,23/01/2025
F1694,Ongako,Groundnuts,5,11/01/2025
F1695,Ongako,Sorghum,10,17/01/2025
F1696,Ongako,Sorghum,,25/01/2025
F1697,Pabo,Maize,,03/01/2025
F1698,Ongako,Groundnuts,5,24/01/2025
F1699,Ongako,Groundnuts,15,16/01/2025
F1700,Pabo,Maize,10,06/01/2025
F1701,Pabo,Sorghum,10,29/01/2025
F1702,Pabo,Beans,10,17/01/2025
F1703,Ongako,Beans,5,12/01/2025
F1704,Laliya,Maize,5,16/01/2025
F1705,Ongako,Beans,10,25/01/2025
F1706,Pabo,Groundnuts,15,27/01/2025
F1707,Laliya,Maize,5,18/01/2025
F1708,Ongako,Groundnuts,15,21/01/2025
F1709,Ongako,Beans,5,05/01/2025
F1710,Pabo,Sorghum,10,24/01/2025
F1711,Laliya,Sorghum,,07/01/2025
F1712,Ongako,Sorghum,10,26/01/2025
F1713,Laliya,Maize,,26/01/2025
F1714,Laliya,Maize,,22/01/2025
F1715,Awach,Sorghum,15,07/01/2025
F1716,Awach,Beans,15,16/01/2025
F1717,Ongako,Maize,5,21/01/2025
F1718,Laliya,Maize,10,22/01/2025
F1719,Pabo,Sorghum,10,14/01/2025
F1720,Pabo,Beans,15,26/01/2025
F1721,Pabo,Maize,,07/01/2025
F1722,Awach,Beans,5,13/01/2025
F1723,Laliya,Sorghum,15,15/01/2025
F1724,Pabo,Groundnuts,5,31/01/2025
F1725,Laliya,Sorghum,,05/01/2025
F1726,Laliya,Sorghum,15,20/01/2025
F1727,Ongako,Sorghum,,13/01/2025
F1728,Laliya,Maize,5,13/01/2025
F1729,Ongako,Groundnuts,15,22/01/2025
F1730,Pabo,Maize,10,26/01/2025
F1731,Laliya,Groundnuts,5,31/01/2025
F1732,Ongako,Maize,15,16/01/2025
F1733,Awach,Maize,10,11/01/2025
F1734,Ongako,Maize,15,13/01/2025
F1735,Laliya,Sorghum,,23/01/2025
F1736,Awach,Beans,5,10/01/2025
F1737,Ongako,Groundnuts,5,01/01/2025
F1738,Pabo,Groundnuts,10,08/01/2025
F1739,Ongako,Groundnuts,5,14/01/2025
F1740,Awach,Groundnuts,,22/01/2025
F1741,Ongako,Maize,5,24/01/2025
F1742,Awach,Sorghum,10,31/01/2025
F1743,Pabo,Sorghum,5,14/01/2025
F1744,Awach,Maize,,06/01/2025
F1745,Awach,Sorghum,15,21/01/2025
F1746,Pabo,Maize,15,10/01/2025
F1747,Awach,Sorghum,10,16/01/2025
F1748,Ongako,Sorghum,15,14/01/2025
F1749,Awach,Groundnuts,5,12/01/2025
F1750,Ongako,Groundnuts,10,24/01/2025
F1751,Pabo,Beans,,19/01/2025
F1752,Laliya,Groundnuts,,17/01/2025
F1753,Laliya,Groundnuts,5,20/01/2025
F1754,Awach,Sorghum,,28/01/2025
F1755,Pabo,Beans,10,01/01/2025
F1756,Pabo,Groundnuts,10,25/01/2025
F1757,Ongako,Maize,,01/01/2025
F1758,Awach,Groundnuts,10,17/01/2025
F1759,Awach,Beans,15,30/01/2025
F1760,Pabo,Beans,,21/01/2025
F1761,Pabo,Sorghum,5,10/01/2025
F1762,Laliya,Sorghum,5,05/01/2025
F1763,Pabo,Beans,15,26/01/2025
F1764,Ongako,Maize,,29/01/2025
F1765,Awach,Beans,10,04/01/2025
F1766,Pabo,Groundnuts,15,12/01/2025
F1767,Pabo,Sorghum,15,28/01/2025
F1768,Laliya,Maize,15,31/01/2025
F1769,Awach,Groundnuts,10,18/01/2025
F1770,Pabo,Beans,15,07/01/2025
F1771,Awach,Groundnuts,10,23/01/2025
F1772,Awach,Beans,10,12/01/2025
F1773,Laliya,Beans,,24/01/2025
F1774,Laliya,Sorghum,,16/01/2025
F1775,Ongako,Sorghum,,08/01/2025
F1776,Awach,Groundnuts,5,26/01/2025
F1777,Awach,Groundnuts,,19/01/2025
F1778,Awach,Groundnuts,15,21/01/2025
F1779,Ongako,Sorghum,10,02/01/2025
F1780,Ongako,Groundnuts,,23/01/2025
F1781,Awach,Sorghum,,13/01/2025
F1782,Pabo,Sorghum,10,24/01/2025
F1783,Awach,Sorghum,5,30/01/2025
F1784,Pabo,Groundnuts,10,29/01/2025
F1785,Pabo,Beans,10,25/01/2025
F1786,Pabo,Maize,10,08/01/2025
F1787,Pabo,Maize,,21/01/2025
F1788,Ongako,Sorghum,5,03/01/2025
F1789,Laliya,Groundnuts,15,13/01/2025
F1790,Ongako,Groundnuts,15,16/01/2025
F1791,Pabo,Beans,15,15/01/2025
F1792,Awach,Sorghum,5,20/01/2025
F1793,Pabo,Beans,5,23/01/2025
F1794,Pabo,Groundnuts,15,11/01/2025
F1795,Laliya,Groundnuts,5,21/01/2025
F1796,Ongako,Groundnuts,5,18/01/2025
F1797,Laliya,Sorghum,10,10/01/2025
F1798,Laliya,Maize,,13/01/2025
F1799,Awach,Groundnuts,5,24/01/2025
F1800,Awach,Sorghum,15,30/01/2025
F1801,Ongako,Sorghum,10,23/01/2025
F1802,Ongako,Groundnuts,,28/01/2025
F1803,Awach,Groundnuts,10,17/01/2025
F1804,Laliya,Maize,15,18/01/2025
F1805,Laliya,Beans,5,16/01/2025
F1806,Pabo,Maize,,26/01/2025
F1807,Awach,Groundnuts,5,05/01/2025
F1808,Pabo,Maize,,07/01/2025
F1809,Laliya,Sorghum,15,19/01/2025
F1810,Ongako,Beans,5,07/01/2025
F1811,Awach,Maize,5,21/01/2025
F1812,Laliya,Maize,15,29/01/2025
F1813,Pabo,Groundnuts,10,28/01/2025
F1814,Awach,Beans,10,12/01/2025
F1815,Ongako,Sorghum,15,04/01/2025
F1816,Pabo,Sorghum,10,23/01/2025
F1817,Ongako,Groundnuts,,01/01/2025
F1818,Laliya,Maize,5,22/01/2025
F1819,Ongako,Maize,10,18/01/2025
F1820,Laliya,Beans,,15/01/2025
F1821,Ongako,Sorghum,10,04/01/2025
F1822,Laliya,Groundnuts,,06/01/2025
F1823,Awach,Groundnuts,15,25/01/2025
F1824,Laliya,Groundnuts,,02/01/2025
F1825,Awach,Beans,5,13/01/2025
F1826,Pabo,Groundnuts,15,24/01/2025
F1827,Pabo,Sorghum,5,28/01/2025
F1828,Ongako,Groundnuts,5,25/01/2025
F1829,Laliya,Maize,,26/01/2025
F1830,Laliya,Maize,10,15/01/2025
F1831,Awach,Maize,5,09/01/2025
F1832,Ongako,Maize,10,01/01/2025
F1833,Ongako,Beans,5,11/01/2025
F1834,Laliya,Beans,5,18/01/2025
F1835,Awach,Maize,,27/01/2025
F1836,Laliya,Maize,10,19/01/2025
F1837,Pabo,Beans,15,07/01/2025
F1838,Laliya,Sorghum,15,26/01/2025
F1839,Laliya,Sorghum,10,03/01/2025
F1840,Pabo,Groundnuts,15,04/01/2025
F1841,Ongako,Sorghum,15,12/01/2025
F1842,Awach,Sorghum,,31/01/2025
F1843,Pabo,Groundnuts,5,22/01/2025
F1844,Awach,Maize,15,20/01/2025
F1845,Ongako,Groundnuts,5,25/01/2025
F1846,Laliya,Beans,15,31/01/2025
F1847,Pabo,Sorghum,,09/01/2025
F1848,Ongako,Maize,15,16/01/2025
F1849,Laliya,Groundnuts,5,26/01/2025
F1850,Awach,Beans,5,29/01/2025
F1851,Pabo,Maize,5,31/01/2025
F1852,Laliya,Maize,15,01/01/2025
F1853,Awach,Sorghum,,06/01/2025
F1854,Awach,Maize,,19/01/2025
F1855,Pabo,Groundnuts,,14/01/2025
F1856,Laliya,Beans,,23/01/2025
F1857,Pabo,Beans,5,23/01/2025
F1858,Ongako,Maize,15,28/01/2025
F1859,Pabo,Beans,5,18/01/2025
F1860,Laliya,Groundnuts,5,06/01/2025
F1861,Ongako,Sorghum,10,31/01/2025
F1862,Ongako,Groundnuts,5,10/01/2025
F1863,Pabo,Sorghum,,18/01/2025
F1864,Pabo,Groundnuts,15,09/01/2025
F1865,Awach,Sorghum,5,24/01/2025
F1866,Awach,Groundnuts,5,11/01/2025
F1867,Laliya,Beans,10,04/01/2025
F1868,Pabo,Groundnuts,,23/01/2025
F1869,Awach,Beans,10,08/01/2025
F1870,Laliya,Sorghum,10,14/01/2025
F1871,Pabo,Maize,10,29/01/2025
F1872,Ongako,Maize,10,10/01/2025
F1873,Awach,Sorghum,,13/01/2025
F1874,Ongako,Beans,10,29/01/2025
F1875,Awach,Beans,15,28/01/2025
F1876,Awach,Groundnuts,15,29/01/2025
F1877,Laliya,Sorghum,,09/01/2025
F1878,Ongako,Beans,,25/01/2025
F1879,Laliya,Sorghum,5,12/01/2025
F1880,Ongako,Maize,5,12/01/2025
F1881,Pabo,Sorghum,10,07/01/2025
F1882,Awach,Maize,5,27/01/2025
F1883,Ongako,Groundnuts,5,15/01/2025
F1884,Awach,Groundnuts,15,01/01/2025
F1885,Awach,Sorghum,5,02/01/2025
F1886,Pabo,Maize,,16/01/2025
F1887,Pabo,Groundnuts,10,08/01/2025
F1888,Pabo,Groundnuts,5,20/01/2025
F1889,Pabo,Maize,10,22/01/2025
F1890,Ongako,Beans,5,27/01/2025
F1891,Pabo,Maize,,01/01/2025
F1892,Pabo,Beans,5,09/01/2025
F1893,Ongako,Beans,,12/01/2025
F1894,Ongako,Beans,,19/01/2025
F1895,Awach,Groundnuts,5,12/01/2025
F1896,Awach,Groundnuts,10,04/01/2025
F1897,Ongako,Sorghum,10,13/01/2025
F1898,Pabo,Sorghum,,28/01/2025
F1899,Awach,Groundnuts,15,15/01/2025
F1900,Awach,Maize,,24/01/2025
F1901,Laliya,Groundnuts,5,03/01/2025
F1902,Awach,Groundnuts,5,24/01/2025
F1903,Ongako,Sorghum,5,05/01/2025
F1904,Ongako,Beans,,06/01/2025
F1905,Pabo,Groundnuts,15,03/01/2025
F1906,Laliya,Groundnuts,15,25/01/2025
F1907,Awach,Maize,15,27/01/2025
F1908,Ongako,Beans,15,22/01/2025
F1909,Laliya,Groundnuts,5,09/01/2025
F1910,Ongako,Groundnuts,5,18/01/2025
F1911,Ongako,Sorghum,5,24/01/2025
F1912,Awach,Groundnuts,10,27/01/2025
F1913,Laliya,Beans,5,08/01/2025
F1914,Laliya,Sorghum,,08/01/2025
F1915,Awach,Sorghum,15,12/01/2025
F1916,Pabo,Groundnuts,5,13/01/2025
F1917,Laliya,Beans,5,19/01/2025
F1918,Laliya,Groundnuts,15,28/01/2025
F1919,Laliya,Maize,15,03/01/2025
F1920,Laliya,Sorghum,,15/01/2025
F1921,Laliya,Groundnuts,10,21/01/2025
F1922,Pabo,Groundnuts,15,24/01/2025
F1923,Awach,Maize,10,30/01/2025
F1924,Pabo,Sorghum,5,31/01/2025
F1925,Awach,Sorghum,15,14/01/2025
F1926,Laliya,Maize,,31/01/2025
F1927,Laliya,Maize,15,06/01/2025
F1928,Pabo,Groundnuts,,28/01/2025
F1929,Ongako,Maize,15,09/01/2025
F1930,Ongako,Maize,,07/01/2025
F1931,Laliya,Groundnuts,15,24/01/2025
F1932,Ongako,Beans,10,28/01/2025
F1933,Pabo,Sorghum,15,28/01/2025
F1934,Laliya,Sorghum,15,01/01/2025
F1935,Ongako,Beans,,20/01/2025
F1936,Pabo,Maize,,17/01/2025
F1937,Ongako,Sorghum,15,03/01/2025
F1938,Awach,Beans,10,15/01/2025
F1939,Awach,Maize,15,14/01/2025
F1940,Ongako,Maize,,22/01/2025
F1941,Pabo,Maize,5,18/01/2025
F1942,Ongako,Groundnuts,15,03/01/2025
F1943,Pabo,Sorghum,10,20/01/2025
F1944,Pabo,Beans,10,27/01/2025
F1945,Pabo,Sorghum,5,24/01/2025
F1946,Laliya,Groundnuts,,29/01/2025
F1947,Pabo,Maize,,26/01/2025
F1948,Pabo,Sorghum,15,14/01/2025
F1949,Pabo,Maize,10,16/01/2025
F1950,Pabo,Sorghum,,22/01/2025
F1951,Pabo,Maize,15,10/01/2025
F1952,Ongako,Groundnuts,15,22/01/2025
F1953,Laliya,Beans,10,29/01/2025
F1954,Pabo,Maize,15,02/01/2025
F1955,Laliya,Maize,,25/01/2025
F1956,Awach,Sorghum,10,01/01/2025
F1957,Ongako,Sorghum,5,18/01/2025
F1958,Ongako,Groundnuts,15,04/01/2025
F1959,Ongako,Maize,10,06/01/2025
F1960,Pabo,Sorghum,,22/01/2025
F1961,Awach,Beans,,25/01/2025
F1962,Laliya,Groundnuts,10,05/01/2025
F1963,Pabo,Sorghum,10,03/01/2025
F1964,Ongako,Maize,5,02/01/2025
F1965,Awach,Beans,5,21/01/2025
F1966,Laliya,Maize,15,11/01/2025
F1967,Ongako,Sorghum,5,07/01/2025
F1968,Pabo,Sorghum,,10/01/2025
F1969,Awach,Beans,10,18/01/2025
F1970,Pabo,Sorghum,5,11/01/2025
F1971,Laliya,Sorghum,,26/01/2025
F1972,Ongako,Groundnuts,,07/01/2025
F1973,Ongako,Sorghum,15,04/01/2025
F1974,Ongako,Groundnuts,15,10/01/2025
F1975,Pabo,Maize,15,15/01/2025
F1976,Laliya,Beans,,11/01/2025
F1977,Laliya,Maize,15,22/01/2025
F1978,Awach,Maize,10,16/01/2025
F1979,Ongako,Beans,,22/01/2025
F1980,Awach,Maize,,21/01/2025
F1981,Pabo,Beans,15,10/01/2025
F1982,Awach,Groundnuts,5,17/01/2025
F1983,Laliya,Maize,10,17/01/2025
F1984,Awach,Beans,,11/01/2025
F1985,Laliya,Beans,,09/01/2025
F1986,Awach,Sorghum,15,20/01/2025
F1987,Awach,Sorghum,5,28/01/2025
F1988,Pabo,Maize,15,24/01/2025
F1989,Ongako,Beans,,31/01/2025
F1990,Pabo,Maize,15,20/01/2025
F1991,Ongako,Maize,,30/01/2025
F1992,Laliya,Groundnuts,5,01/01/2025
F1993,Ongako,Maize,,11/01/2025
F1994,Ongako,Groundnuts,10,21/01/2025
F1995,Awach,Groundnuts,5,28/01/2025
F1996,Awach,Maize,,20/01/2025
F1997,Laliya,Sorghum,15,27/01/2025
F1998,Awach,Sorghum,10,10/01/2025
F1999,Ongako,Groundnuts,,13/01/2025
F2000,Awach,Maize,5,20/01/2025
F2001,Laliya,Sorghum,,22/01/2025
F2002,Ongako,Maize,,27/01/2025
F2003,Pabo,Beans,15,07/01/2025
F2004,Ongako,Beans,,24/01/2025
F2005,Laliya,Groundnuts,,06/01/2025
F2006,Awach,Beans,15,01/01/2025
F2007,Laliya,Beans,10,22/01/2025
F2008,Ongako,Maize,15,06/01/2025
F2009,Awach,Beans,10,06/01/2025
F2010,Ongako,Beans,15,23/01/2025
F2011,Awach,Beans,5,09/01/2025
F2012,Laliya,Maize,15,11/01/2025
F2013,Pabo,Beans,15,03/01/2025
F2014,Laliya,Sorghum,,05/01/2025
F2015,Pabo,Maize,15,08/01/2025
F2016,Awach,Maize,,13/01/2025
F2017,Pabo,Maize,5,19/01/2025
F2018,Ongako,Groundnuts,10,04/01/2025
F2019,Ongako,Groundnuts,5,14/01/2025
F2020,Pabo,Sorghum,5,31/01/2025
F2021,Pabo,Maize,15,13/01/2025
F2022,Pabo,Maize,10,02/01/2025
F2023,Laliya,Beans,,28/01/2025
F2024,Pabo,Sorghum,5,13/01/2025
F2025,Awach,Groundnuts,10,08/01/2025
F2026,Laliya,Beans,15,27/01/2025
F2027,Ongako,Maize,15,19/01/2025
F2028,Ongako,Maize,15,02/01/2025
F2029,Pabo,Groundnuts,10,07/01/2025
F2030,Laliya,Beans,5,15/01/2025
F2031,Pabo,Maize,5,28/01/2025
F2032,Ongako,Beans,15,06/01/2025
F2033,Awach,Groundnuts,,27/01/2025
F2034,Ongako,Maize,15,02/01/2025
F2035,Pabo,Sorghum,,23/01/2025
F2036,Laliya,Maize,5,02/01/2025
F2037,Pabo,Beans,,02/01/2025
F2038,Laliya,Beans,5,07/01/2025
F2039,Pabo,Sorghum,10,12/01/2025
F2040,Awach,Maize,5,24/01/2025
F2041,Laliya,Groundnuts,,01/01/2025
F2042,Laliya,Beans,,22/01/2025
F2043,Awach,Maize,15,14/01/2025
F2044,Laliya,Groundnuts,15,24/01/2025
F2045,Awach,Maize,15,28/01/2025
F2046,Awach,Maize,,30/01/2025
F2047,Awach,Groundnuts,15,29/01/2025
F2048,Ongako,Beans,5,12/01/2025
F2049,Laliya,Maize,,27/01/2025
F2050,Ongako,Groundnuts,15,15/01/2025
F2051,Laliya,Maize,5,18/01/2025
F2052,Ongako,Groundnuts,,09/01/2025
F2053,Laliya,Maize,10,02/01/2025
F2054,Laliya,Maize,,02/01/2025
F2055,Awach,Beans,15,23/01/2025
F2056,Awach,Sorghum,,14/01/2025
F2057,Pabo,Beans,15,10/01/2025
F2058,Pabo,Beans,10,05/01/2025
F2059,Pabo,Maize,,12/01/2025
F2060,Ongako,Sorghum,15,29/01/2025
F2061,Ongako,Maize,5,16/01/2025
F2062,Laliya,Sorghum,15,14/01/2025
F2063,Laliya,Sorghum,5,06/01/2025
F2064,Ongako,Beans,,31/01/2025
F2065,Ongako,Sorghum,15,27/01/2025
F2066,Pabo,Sorghum,5,07/01/2025
F2067,Ongako,Maize,5,27/01/2025
F2068,Ongako,Sorghum,5,08/01/2025
F2069,Laliya,Maize,15,24/01/2025
F2070,Ongako,Groundnuts,,31/01/2025
F2071,Laliya,Sorghum,10,29/01/2025
F2072,Pabo,Sorghum,10,12/01/2025
F2073,Pabo,Groundnuts,15,03/01/2025
F2074,Laliya,Maize,10,28/01/2025
F2075,Laliya,Beans,10,04/01/2025
F2076,Pabo,Sorghum,,01/01/2025
F2077,Laliya,Sorghum,10,15/01/2025
F2078,Awach,Groundnuts,10,06/01/2025
F2079,Laliya,Sorghum,10,02/01/2025
F2080,Pabo,Beans,5,13/01/2025
F2081,Awach,Maize,15,20/01/2025
F2082,Ongako,Beans,,10/01/2025
F2083,Laliya,Maize,10,29/01/2025
F2084,Laliya,Beans,,07/01/2025
F2085,Ongako,Sorghum,,15/01/2025
F2086,Awach,Groundnuts,5,27/01/2025
F2087,Awach,Maize,15,27/01/2025
F2088,Awach,Beans,10,16/01/2025
F2089,Laliya,Groundnuts,10,07/01/2025
F2090,Laliya,Groundnuts,,08/01/2025
F2091,Laliya,Beans,10,29/01/2025
F2092,Pabo,Sorghum,5,15/01/2025
F2093,Laliya,Groundnuts,5,25/01/2025
F2094,Laliya,Beans,15,29/01/2025
F2095,Laliya,Groundnuts,15,28/01/2025
F2096,Laliya,Groundnuts,10,23/01/2025
F2097,Awach,Groundnuts,10,03/01/2025
F2098,Awach,Groundnuts,15,08/01/2025
F2099,Laliya,Beans,15,13/01/2025
F2100,Pabo,Groundnuts,,24/01/2025
F2101,Pabo,Groundnuts,15,29/01/2025
F2102,Awach,Beans,10,21/01/2025
F2103,Laliya,Groundnuts,10,26/01/2025
F2104,Awach,Sorghum,15,03/01/2025
F2105,Laliya,Maize,10,18/01/2025
F2106,Pabo,Beans,10,24/01/2025
F2107,Ongako,Maize,15,07/01/2025
F2108,Ongako,Groundnuts,10,04/01/2025
F2109,Awach,Groundnuts,,16/01/2025
F2110,Awach,Maize,5,01/01/2025
F2111,Awach,Groundnuts,5,03/01/2025
F2112,Laliya,Beans,,05/01/2025
F2113,Laliya,Maize,15,24/01/2025
F2114,Laliya,Sorghum,15,21/01/2025
F2115,Ongako,Groundnuts,10,24/01/2025
F2116,Laliya,Beans,10,03/01/2025
F2117,Awach,Maize,,28/01/2025
F2118,Awach,Groundnuts,10,27/01/2025
F2119,Ongako,Groundnuts,,02/01/2025
F2120,Awach,Maize,15,17/01/2025
F2121,Ongako,Maize,,12/01/2025
F2122,Pabo,Beans,10,06/01/2025
F2123,Pabo,Beans,10,22/01/2025
F2124,Laliya,Groundnuts,10,02/01/2025
F2125,Ongako,Beans,5,26/01/2025
F2126,Pabo,Groundnuts,10,31/01/2025
F2127,Pabo,Groundnuts,15,09/01/2025
F2128,Ongako,Groundnuts,10,31/01/2025
F2129,Awach,Beans,,21/01/2025
F2130,Laliya,Sorghum,10,14/01/2025
F2131,Awach,Beans,10,24/01/2025
F2132,Ongako,Maize,,17/01/2025
F2133,Ongako,Sorghum,15,02/01/2025
F2134,Laliya,Maize,5,27/01/2025
F2135,Pabo,Beans,10,19/01/2025
F2136,Ongako,Maize,15,21/01/2025
F2137,Pabo,Maize,5,28/01/2025
F2138,Pabo,Maize,5,07/01/2025
F2139,Awach,Sorghum,5,16/01/2025
F2140,Laliya,Beans,15,22/01/2025
F2141,Pabo,Sorghum,15,13/01/2025
F2142,Awach,Groundnuts,15,15/01/2025
F2143,Awach,Beans,5,03/01/2025
F2144,Laliya,Groundnuts,10,24/01/2025
F2145,Pabo,Groundnuts,15,23/01/2025
F2146,Awach,Sorghum,10,05/01/2025
F2147,Awach,Beans,5,20/01/2025
F2148,Laliya,Sorghum,,30/01/2025
F2149,Ongako,Maize,,22/01/2025
F2150,Ongako,Sorghum,5,30/01/2025
F2151,Awach,Sorghum,,07/01/2025
F2152,Laliya,Maize,15,23/01/2025
F2153,Pabo,Sorghum,15,09/01/2025
F2154,Pabo,Maize,5,10/01/2025
F2155,Awach,Beans,10,03/01/2025
F2156,Pabo,Groundnuts,,12/01/2025
F2157,Ongako,Beans,15,29/01/2025
F2158,Awach,Beans,15,29/01/2025
F2159,Pabo,Groundnuts,10,22/01/2025
F2160,Laliya,Beans,10,27/01/2025
F2161,Awach,Maize,15,20/01/2025
F2162,Laliya,Sorghum,15,24/01/2025
F2163,Ongako,Beans,10,17/01/2025
F2164,Ongako,Beans,10,17/01/2025
F2165,Awach,Groundnuts,10,06/01/2025
F2166,Laliya,Beans,,26/01/2025
F2167,Laliya,Maize,5,18/01/2025
F2168,Pabo,Beans,15,04/01/2025
F2169,Ongako,Sorghum,10,07/01/2025
F2170,Ongako,Maize,5,18/01/2025
F2171,Awach,Sorghum,15,25/01/2025
F2172,Ongako,Maize,10,29/01/2025
F2173,Ongako,Beans,10,01/01/2025
F2174,Awach,Beans,15,25/01/2025
F2175,Ongako,Sorghum,,16/01/2025
F2176,Pabo,Sorghum,15,12/01/2025
F2177,Awach,Maize,5,19/01/2025
F2178,Pabo,Groundnuts,10,29/01/2025
F2179,Pabo,Groundnuts,5,03/01/2025
F2180,Awach,Groundnuts,10,03/01/2025
F2181,Laliya,Beans,,04/01/2025
F2182,Ongako,Maize,15,06/01/2025
F2183,Laliya,Maize,5,22/01/2025
F2184,Pabo,Beans,10,11/01/2025
F2185,Pabo,Beans,,31/01/2025
F2186,Awach,Beans,15,02/01/2025
F2187,Pabo,Groundnuts,15,19/01/2025
F2188,Ongako,Sorghum,,14/01/2025
F2189,Awach,Beans,15,04/01/2025
F2190,Pabo,Groundnuts,5,23/01/2025
F2191,Pabo,Groundnuts,5,04/01/2025
F2192,Awach,Groundnuts,,31/01/2025
F2193,Ongako,Sorghum,15,26/01/2025
F2194,Pabo,Maize,5,28/01/2025
F2195,Pabo,Beans,5,07/01/2025
F2196,Ongako,Groundnuts,5,13/01/2025
F2197,Pabo,Beans,10,05/01/2025
F2198,Laliya,Sorghum,15,05/01/2025
F2199,Ongako,Groundnuts,5,05/01/2025
F2200,Awach,Beans,15,07/01/2025
F2201,Pabo,Sorghum,,30/01/2025
F2202,Awach,Sorghum,,03/01/2025
F2203,Pabo,Maize,,14/01/2025
F2204,Awach,Sorghum,15,04/01/2025
F2205,Awach,Beans,5,03/01/2025
F2206,Ongako,Sorghum,10,27/01/2025
F2207,Laliya,Beans,5,06/01/2025
F2208,Ongako,Sorghum,,03/01/2025
F2209,Laliya,Beans,5,22/01/2025
F2210,Pabo,Sorghum,,03/01/2025
F2211,Awach,Maize,,21/01/2025
F2212,Ongako,Sorghum,,26/01/2025
F2213,Ongako,Maize,5,06/01/2025
F2214,Awach,Sorghum,,21/01/2025
F2215,Awach,Beans,15,12/01/2025
F2216,Laliya,Beans,,19/01/2025
F2217,Laliya,Sorghum,15,07/01/2025
F2218,Laliya,Sorghum,5,28/01/2025
F2219,Laliya,Sorghum,5,22/01/2025
F2220,Laliya,Groundnuts,15,16/01/2025
F2221,Laliya,Maize,,03/01/2025
F2222,Laliya,Sorghum,5,16/01/2025
F2223,Pabo,Maize,15,19/01/2025
F2224,Awach,Groundnuts,,12/01/2025
F2225,Laliya,Maize,15,04/01/2025
F2226,Laliya,Groundnuts,15,11/01/2025
F2227,Laliya,Maize,10,20/01/2025
F2228,Awach,Beans,5,07/01/2025
F2229,Ongako,Beans,10,20/01/2025
F2230,Ongako,Sorghum,5,18/01/2025
F2231,Pabo,Groundnuts,15,20/01/2025
F2232,Ongako,Beans,,02/01/2025
F2233,Awach,Sorghum,5,27/01/2025
F2234,Awach,Maize,10,15/01/2025
F2235,Laliya,Sorghum,5,05/01/2025
F2236,Pabo,Groundnuts,15,12/01/2025
F2237,Laliya,Beans,,04/01/2025
F2238,Pabo,Beans,5,23/01/2025
F2239,Ongako,Maize,,11/01/2025
F2240,Pabo,Maize,5,29/01/2025
F2241,Laliya,Maize,10,17/01/2025
F2242,Laliya,Beans,15,08/01/2025
F2243,Ongako,Groundnuts,15,08/01/2025
F2244,Pabo,Sorghum,5,04/01/2025
F2245,Pabo,Groundnuts,,31/01/2025
F2246,Ongako,Groundnuts,10,13/01/2025
F2247,Pabo,Maize,,19/01/2025
F2248,Awach,Groundnuts,5,20/01/2025
F2249,Pabo,Sorghum,15,16/01/2025
F2250,Laliya,Sorghum,,06/01/2025
F2251,Laliya,Beans,10,02/01/2025
F2252,Pabo,Maize,10,15/01/2025
F2253,Laliya,Sorghum,5,20/01/2025
F2254,Pabo,Sorghum,10,25/01/2025
F2255,Ongako,Maize,5,18/01/2025
F2256,Laliya,Groundnuts,10,05/01/2025
F2257,Laliya,Sorghum,10,27/01/2025
F2258,Ongako,Maize,,02/01/2025
F2259,Pabo,Beans,15,29/01/2025
F2260,Ongako,Groundnuts,10,07/01/2025
F2261,Awach,Groundnuts,5,10/01/2025
F2262,Laliya,Maize,10,30/01/2025
F2263,Laliya,Maize,5,13/01/2025
F2264,Laliya,Sorghum,,10/01/2025
F2265,Pabo,Groundnuts,10,17/01/2025
F2266,Pabo,Sorghum,,27/01/2025
F2267,Pabo,Beans,5,28/01/2025
F2268,Awach,Beans,15,04/01/2025
F2269,Ongako,Sorghum,,04/01/2025
F2270,Pabo,Sorghum,,28/01/2025
F2271,Laliya,Sorghum,5,25/01/2025
F2272,Awach,Sorghum,5,30/01/2025
F2273,Pabo,Maize,10,25/01/2025
F2274,Awach,Sorghum,15,10/01/2025
F2275,Awach,Maize,15,01/01/2025
F2276,Pabo,Groundnuts,15,07/01/2025
F2277,Pabo,Sorghum,10,29/01/2025
F2278,Laliya,Maize,,23/01/2025
F2279,Laliya,Groundnuts,10,08/01/2025
F2280,Ongako,Sorghum,,31/01/2025
F2281,Pabo,Beans,15,17/01/2025
F2282,Pabo,Maize,5,09/01/2025
F2283,Awach,Beans,15,11/01/2025
F2284,Awach,Maize,,06/01/2025
F2285,Laliya,Sorghum,10,31/01/2025
F2286,Awach,Groundnuts,5,18/01/2025
F2287,Pabo,Beans,,21/01/2025
F2288,Ongako,Groundnuts,,22/01/2025
F2289,Ongako,Beans,15,08/01/2025
F2290,Laliya,Beans,15,01/01/2025
F2291,Ongako,Sorghum,10,27/01/2025
F2292,Pabo,Maize,15,04/01/2025
F2293,Awach,Groundnuts,,05/01/2025
F2294,Laliya,Maize,5,13/01/2025
F2295,Ongako,Beans,15,27/01/2025
F2296,Laliya,Groundnuts,10,06/01/2025
F2297,Ongako,Groundnuts,15,26/01/2025
F2298,Ongako,Beans,15,07/01/2025
F2299,Ongako,Maize,10,06/01/2025
F2300,Awach,Groundnuts,15,16/01/2025
F2301,Awach,Sorghum,15,18/01/2025
F2302,Awach,Sorghum,15,19/01/2025
F2303,Pabo,Sorghum,15,23/01/2025
F2304,Laliya,Sorghum,10,29/01/2025
F2305,Awach,Groundnuts,5,03/01/2025
F2306,Pabo,Sorghum,15,16/01/2025
F2307,Pabo,Maize,,27/01/2025
F2308,Laliya,Maize,,01/01/2025
F2309,Laliya,Sorghum,5,17/01/2025
F2310,Ongako,Groundnuts,,17/01/2025
F2311,Awach,Sorghum,15,19/01/2025
F2312,Awach,Sorghum,5,08/01/2025
F2313,Awach,Groundnuts,15,09/01/2025
F2314,Laliya,Beans,,30/01/2025
F2315,Laliya,Maize,10,29/01/2025
F2316,Laliya,Groundnuts,15,03/01/2025
F2317,Laliya,Beans,15,17/01/2025
F2318,Pabo,Maize,15,18/01/2025
F2319,Laliya,Maize,5,30/01/2025
F2320,Pabo,Sorghum,,07/01/2025
F2321,Pabo,Sorghum,10,25/01/2025
F2322,Awach,Groundnuts,15,31/01/2025
F2323,Pabo,Sorghum,15,15/01/2025
F2324,Pabo,Sorghum,15,25/01/2025
F2325,Laliya,Sorghum,,29/01/2025
F2326,Laliya,Beans,,03/01/2025
F2327,Laliya,Maize,15,28/01/2025
F2328,Ongako,Beans,15,19/01/2025
F2329,Awach,Groundnuts,5,05/01/2025
F2330,Laliya,Maize,5,25/01/2025
F2331,Ongako,Beans,10,19/01/2025
F2332,Laliya,Sorghum,10,24/01/2025
F2333,Pabo,Beans,15,06/01/2025
F2334,Pabo,Groundnuts,,30/01/2025
F2335,Pabo,Maize,15,11/01/2025
F2336,Ongako,Beans,5,03/01/2025
F2337,Laliya,Groundnuts,5,11/01/2025
F2338,Laliya,Maize,15,15/01/2025
F2339,Ongako,Maize,,29/01/2025
F2340,Pabo,Groundnuts,,13/01/2025
F2341,Laliya,Maize,10,31/01/2025
F2342,Laliya,Maize,,09/01/2025
F2343,Laliya,Maize,,02/01/2025
F2344,Awach,Maize,15,14/01/2025
F2345,Pabo,Maize,10,12/01/2025
F2346,Laliya,Groundnuts,15,12/01/2025
F2347,Pabo,Maize,,10/01/2025
F2348,Ongako,Beans,15,12/01/2025
F2349,Pabo,Groundnuts,,01/01/2025
F2350,Awach,Sorghum,,31/01/2025
F2351,Pabo,Groundnuts,5,15/01/2025
F2352,Laliya,Sorghum,10,31/01/2025
F2353,Pabo,Beans,15,22/01/2025
F2354,Ongako,Beans,15,24/01/2025
F2355,Pabo,Sorghum,,10/01/2025
F2356,Laliya,Beans,,10/01/2025
F2357,Laliya,Beans,10,08/01/2025
F2358,Pabo,Groundnuts,,17/01/2025
F2359,Laliya,Groundnuts,5,01/01/2025
F2360,Awach,Groundnuts,10,26/01/2025
F2361,Awach,Groundnuts,10,24/01/2025
F2362,Pabo,Beans,5,27/01/2025
F2363,Pabo,Groundnuts,10,20/01/2025
F2364,Laliya,Beans,10,28/01/2025
F2365,Ongako,Beans,,25/01/2025
F2366,Laliya,Sorghum,15,22/01/2025
F2367,Laliya,Beans,15,08/01/2025
F2368,Pabo,Sorghum,15,23/01/2025
F2369,Awach,Groundnuts,15,29/01/2025
F2370,Ongako,Beans,5,31/01/2025
F2371,Ongako,Groundnuts,15,17/01/2025
F2372,Pabo,Maize,10,30/01/2025
F2373,Ongako,Groundnuts,15,29/01/2025
F2374,Laliya,Sorghum,10,21/01/2025
F2375,Laliya,Sorghum,15,08/01/2025
F2376,Pabo,Beans,15,05/01/2025
F2377,Pabo,Sorghum,,23/01/2025
F2378,Pabo,Maize,15,08/01/2025
F2379,Pabo,Maize,10,15/01/2025
F2380,Ongako,Groundnuts,15,08/01/2025
F2381,Laliya,Sorghum,,27/01/2025
F2382,Laliya,Beans,5,17/01/2025
F2383,Ongako,Groundnuts,5,29/01/2025
F2384,Ongako,Maize,5,27/01/2025
F2385,Ongako,Beans,,02/01/2025
F2386,Ongako,Sorghum,5,06/01/2025
F2387,Pabo,Beans,5,26/01/2025
F2388,Ongako,Beans,,11/01/2025
F2389,Ongako,Maize,15,21/01/2025
F2390,Awach,Sorghum,5,26/01/2025
F2391,Laliya,Beans,5,17/01/2025
F2392,Ongako,Maize,5,25/01/2025
F2393,Pabo,Sorghum,5,26/01/2025
F2394,Awach,Groundnuts,15,09/01/2025
F2395,Ongako,Maize,15,15/01/2025
F2396,Laliya,Maize,10,06/01/2025
F2397,Awach,Beans,15,20/01/2025
F2398,Laliya,Beans,10,04/01/2025
F2399,Ongako,Sorghum,10,25/01/2025
F2400,Pabo,Beans,,01/01/2025
F2401,Laliya,Sorghum,5,19/01/2025
F2402,Awach,Sorghum,5,28/01/2025
F2403,Pabo,Maize,,18/01/2025
F2404,Ongako,Groundnuts,10,30/01/2025
F2405,Ongako,Groundnuts,,28/01/2025
F2406,Pabo,Maize,15,09/01/2025
F2407,Ongako,Groundnuts,15,21/01/2025
F2408,Laliya,Maize,5,29/01/2025
F2409,Laliya,Groundnuts,10,21/01/2025
F2410,Awach,Maize,5,25/01/2025
F2411,Awach,Maize,10,13/01/2025
F2412,Ongako,Maize,5,26/01/2025
F2413,Pabo,Maize,5,18/01/2025
F2414,Pabo,Sorghum,,22/01/2025
F2415,Pabo,Sorghum,5,17/01/2025
F2416,Ongako,Sorghum,15,20/01/2025
F2417,Ongako,Maize,5,13/01/2025
F2418,Awach,Sorghum,5,30/01/2025
F2419,Laliya,Groundnuts,10,30/01/2025
F2420,Ongako,Sorghum,5,04/01/2025
F2421,Ongako,Groundnuts,10,07/01/2025
F2422,Ongako,Groundnuts,10,27/01/2025
F2423,Awach,Beans,5,03/01/2025
F2424,Ongako,Sorghum,10,05/01/2025
F2425,Laliya,Beans,,24/01/2025
F2426,Laliya,Maize,15,04/01/2025
F2427,Ongako,Maize,5,13/01/2025
F2428,Laliya,Sorghum,15,06/01/2025
F2429,Awach,Sorghum,10,23/01/2025
F2430,Laliya,Beans,15,11/01/2025
F2431,Pabo,Sorghum,10,12/01/2025
F2432,Pabo,Sorghum,10,11/01/2025
F2433,Awach,Groundnuts,15,11/01/2025
F2434,Pabo,Groundnuts,5,09/01/2025
F2435,Awach,Groundnuts,,16/01/2025
F2436,Awach,Sorghum,15,03/01/2025
F2437,Ongako,Groundnuts,5,17/01/2025
F2438,Laliya,Groundnuts,10,19/01/2025
F2439,Ongako,Maize,5,27/01/2025
F2440,Pabo,Beans,15,30/01/2025
F2441,Ongako,Maize,5,23/01/2025
F2442,Awach,Groundnuts,10,15/01/2025
F2443,Ongako,Groundnuts,15,15/01/2025
F2444,Laliya,Sorghum,15,17/01/2025
F2445,Pabo,Groundnuts,15,27/01/2025
F2446,Ongako,Maize,10,23/01/2025
F2447,Laliya,Groundnuts,5,02/01/2025
F2448,Ongako,Maize,15,31/01/2025
F2449,Pabo,Groundnuts,5,29/01/2025
F2450,Laliya,Maize,15,17/01/2025
F2451,Ongako,Sorghum,5,31/01/2025
F2452,Awach,Beans,15,29/01/2025
F2453,Pabo,Beans,5,31/01/2025
F2454,Ongako,Sorghum,10,15/01/2025
F2455,Laliya,Groundnuts,,02/01/2025
F2456,Awach,Beans,,23/01/2025
F2457,Awach,Groundnuts,15,08/01/2025
F2458,Awach,Sorghum,5,22/01/2025
F2459,Awach,Groundnuts,,16/01/2025
F2460,Awach,Groundnuts,,14/01/2025
F2461,Awach,Beans,10,19/01/2025
F2462,Ongako,Groundnuts,15,13/01/2025
F2463,Laliya,Groundnuts,5,01/01/2025
F2464,Ongako,Sorghum,5,27/01/2025
F2465,Ongako,Maize,,13/01/2025
F2466,Ongako,Groundnuts,5,20/01/2025
F2467,Awach,Beans,15,19/01/2025
F2468,Laliya,Beans,5,27/01/2025
F2469,Awach,Maize,5,22/01/2025
F2470,Awach,Beans,15,09/01/2025
F2471,Laliya,Groundnuts,,06/01/2025
F2472,Pabo,Sorghum,5,23/01/2025
F2473,Laliya,Maize,5,01/01/2025
F2474,Pabo,Maize,5,20/01/2025
F2475,Ongako,Sorghum,5,18/01/2025
F2476,Pabo,Sorghum,5,23/01/2025
F2477,Awach,Beans,15,04/01/2025
F2478,Ongako,Sorghum,,14/01/2025
F2479,Pabo,Maize,10,03/01/2025
F2480,Laliya,Beans,,18/01/2025
F2481,Ongako,Sorghum,10,15/01/2025
F2482,Pabo,Maize,15,09/01/2025
F2483,Laliya,Sorghum,,23/01/2025
F2484,Pabo,Sorghum,,03/01/2025
F2485,Ongako,Beans,5,18/01/2025
F2486,Awach,Sorghum,5,10/01/2025
F2487,Awach,Groundnuts,10,18/01/2025
F2488,Awach,Sorghum,,14/01/2025
F2489,Pabo,Maize,10,18/01/2025
F2490,Ongako,Beans,5,14/01/2025
F2491,Pabo,Beans,15,30/01/2025
F2492,Awach,Sorghum,,22/01/2025
F2493,Awach,Sorghum,,23/01/2025
F2494,Pabo,Beans,15,22/01/2025
F2495,Awach,Groundnuts,,02/01/2025
F2496,Awach,Maize,,12/01/2025
F2497,Awach,Maize,10,09/01/2025
F2498,Awach,Maize,10,04/01/2025
F2499,Laliya,Sorghum,,20/01/2025
F2500,Ongako,Groundnuts,5,02/01/2025